:040000006F009030CD
:1000040000000000000000006F00B02C6F00902C76
:1000140011BFF9F70000000000000000000000001C
:1000240000000000000000000000000000000000CC
:100034006F00702A000000006F00102A000000000A
:100044006F00B0296F10A06D6F0070296F005029E8
:100054006F10606C6F1080756F00F0286F00D028EF
:100064006F00B0286F1020046F0070286F005028B4
:100074006F0020746F0010286F00F0276F00D027E6
:100084006F00B0276F0090276F0070276F00502714
:100094006F00302700000000000000000000000096
:1000A400000000000000000000000000000000004C
:0C00B40000000000000000000000000040
:1000C000B78700401307001498C34947D8C3375770
:1000D0004C00130717B4B786004011A03DCB9C4AD3
:1000E0007D17918BE5FF23AE060623AC060623A6FB
:1000F000060823A4060823AE060823AC060823A698
:10010000060A23A4060A23AE060A23AC060A23A67F
:10011000060C23A4060C23AE060C23AC060C23A667
:10012000060E23A4060ECD47DCD2B7070300938743
:1001300017029CD2B7C7100023A806069387D7C71B
:100140009CC69C42014593E727009CC28947DCC2BC
:100150008280054582804545828093178501E1872D
:100160001D8963CC0700C1673395A700B78700409E
:10017000B85B81CD3A95A8DB8280B7070001339543
:10018000A700B7870040B85BF5F51345F5FF798DFB
:10019000A8DB8280B787004088DF8280B787004075
:1001A0002147D8D3985311C5B7060800369798D37E
:1001B0008280B706F8FFFD16758F98D38280B787C7
:1001C00000409387870712053E951C4113D707010E
:1001D0002310F6007D8BF5832380E500858B23803B
:1001E000F6008280B78700409387870712053E9507
:1001F0001C414206EA054D8E5D8E10C18280B78794
:1002000000409387870712053E951C413707E0039E
:10021000F98F1CC18280B78700409387870712053A
:100220003E951C41860785831CC18280B7870040AC
:100230009387870712053E9508416181137505086C
:100240008280B78700409387C70712053E95C20694
:100250006A061C41D18E1377F77FD98EF205CD8EB9
:10026000DD8E14C18280B78700409387C7071205CF
:100270003E951C41860785831CC18280B78700405C
:100280009387C70712053E951C413707E003F98F96
:100290001CC18280B78700409387C70712053E952F
:1002A00008416181137505088280B78700409387F4
:1002B000C70712053E95084141817D898280937769
:1002C000F50062058A079A056185CD8F63480500B0
:1002D00093E71700378700407CC3828093E737009D
:1002E000378700407CC38280378700401C536205FB
:1002F000A207A1831CD31C535D8D08D38280B786CF
:100300000040DC4237870040F19B5D8DC8C21C4B2A
:10031000918BF5FF8280B78700408853618182808E
:10032000B7870040A85F1375F57F8280411122C412
:10033000378400405C5006C6858BC9C75C50585056
:10034000A18331839D8B058BA5E379EB3C5C1397EF
:100350001700635B070E232C040678587458B70700
:1003600002203E97B69783C707000344070093F720
:10037000070663900710EF10201662046184C167BE
:10038000634104121387F7FF630FE5126306051438
:10039000130700206366A70437870040B7060104EF
:1003A00034DF85077CC32DA8FD178A0739E7370797
:1003B0000020130787012244BA97B24003A3C70164
:1003C000410102835C50898B85C33C4C1307000AB2
:1003D00093F7071E638EE702B78700400947D8D31B
:1003E000B2402244410182805C50A18BF5DB085869
:1003F000EF10306FA1475CD0E5B737070020130737
:1004000087012244BA97B24003A307004101028347
:100410009307002C3CC423260404232804046DBF46
:10042000EF10002783A6C185850623AED18429E578
:1004300023AE0184B70701147CDCB70701043CDC60
:10044000930710047CC069BF3C5C13972700635975
:100450000700EF10402B232E0406232C040649B777
:10046000EF10202AB70701043CDC930710047CC07E
:1004700085BFEF00B07A11B7232C04067C5C03A77C
:10048000C185B70620EC938606C05607F58FD98F35
:10049000C98F37070114D98F7CDC930710047CC007
:1004A00081B7FD176301F50205C993070020E3E951
:1004B000A7F237070114B7870040598DE8DF13070B
:1004C0001004F8C331BFB787004037070108F8DFD1
:1004D00013071004F8C329B7B78700403707010492
:1004E000B8DF13071004F8C3E5BD3D432A876373E3
:1004F000C3029377F700BDEFADE5937606FF3D8A23
:10050000BA960CC34CC30CC74CC74107E36BD7FE6C
:1005100011E28280B306C3408A06970200009696D5
:100520006780A6002307B700A306B7002306B7001D
:10053000A305B7002305B700A304B7002304B70041
:10054000A303B7002303B700A302B7002302B70039
:10055000A301B7002301B700A300B7002300B70031
:10056000828093F5F50F93968500D58D93960501BE
:10057000D58D61B7939627009702000096968682E4
:10058000E78086FA9680C1171D8F3E96E374C3F804
:10059000A5B7797122D437142707130504E006D6CE
:1005A00026D24AD04ECE52CC56CA5AC85EC662C473
:1005B00066C29524130504E0B521B737004005470E
:1005C0002387E740130720082396E740130770FCB2
:1005D0002381E7400D47A381E74013070004A38070
:1005E000E740371400407C4C8945056593E70718C0
:1005F0007CCC3C4093E707103CC0192EA145116507
:10060000012EA145216529267C443167D98F7CC400
:10061000371700407C4393963701E3DD06FE130550
:100620004006B921B7170040F84393163701E3DDC0
:1006300006FEB843B7162000938606A0558FB8C3B0
:10064000B84385669386068013670740B8C3B84FE2
:100650003764022013040420558FB8CFB7670040D9
:1006600003C70700B7E400E0130540061377270F20
:100670002380E70003C70700376A0040136797002D
:100680002380E70003C70700930B8A027D8B23803A
:10069000E70003C737003D4C13673702A381E7002B
:1006A00003C737001377370EA381E70003C717008E
:1006B0001377770EA380E7003D472384E7021947AD
:1006C0002381E70023A0070223A207020567C0C712
:1006D0007D17239AE700239CE70003C717001367E1
:1006E0003700A380E700B707001023A0F4104926C5
:1006F000B797004023A00700B707100023A0F4100D
:10070000B707200023A0F410B707020023A0F410BD
:100710000547B72700403755FE032381E70013053F
:10072000056C45260545EF00B041B787004023A082
:100730008708B714004093870183238007009387BD
:1007400011832380070023268A0023808B01BC4469
:10075000216793860183D98FBCC41387118383C714
:10076000060093F7F70FE5DFFC44A166D58FFCC4C4
:10077000834707001387818293F7F70F8DEB23845C
:100780000184B78700408545054523A087081307E6
:10079000004091460546753491451305100805360D
:1007A00083C7818493F7F70FE5DF138741831C43E9
:1007B00085071CC349B7376700408347870293F713
:1007C000F70F93F6270095CA89462304D7020347FB
:1007D000970293861183198B3337E0002380E6005C
:1007E00003C706001377F70F11E71387C18214437D
:1007F000850614C385462388D182918B99CBB76730
:10080000004011472384E7028547A388F1822388AB
:10081000F18273002030B7470F00938707243355C8
:10082000F5029307C0031375F50F630CF50863ED2C
:10083000A700BD476303F504F9476303F506B7173F
:100840000040238007008280930700066308F508B4
:10085000930780076301F50A93070005E311F5FE8E
:10086000B7170040130770052380E700130780FACD
:100870002380E7001307600481A0B7170040130727
:1008800070052380E700130780FA2380E700130731
:1008900020042384E700130700F82385E70045B709
:1008A000B7170040130770052380E700130780FA8D
:1008B0002380E700130700042384E700130720F8D0
:1008C000E9BFB7170040130770052380E70013073F
:1008D00080FA2380E70013078004F9BFB7170040B0
:1008E000130770052380E700130780FA2380E700D1
:1008F00013075004D1B7B7170040130770052380C2
:10090000E700130780FA2380E700130740046DB760
:10091000A94763E6B7028D67938747EC8A05BE95C2
:100920009C418287B7170040F84B1345F5FF698F4C
:10093000F8CBB84B698FB8CBB843798DA8C3828008
:10094000B7170040F44F1347F5FFF98EF4CFF44B7F
:10095000F98EF4CBB44B558DA8CB31A8B717004016
:10096000F44F1347F5FFF98EF4CFF44B558DE8CBD8
:10097000B44BF98EB4CBB443758FB8C38280B7172C
:100980000040F84F498FF8CFF44B1347F5FFC9B734
:10099000B7170040F84F498FF8CFF84B498FF8CB85
:1009A000B84B1345F5FF79B7B7170040F84F498F9B
:1009B000F8CFB44F1347F5FFF98EB4CFF44B21A80D
:1009C000B7170040F84F498FF8CFB84F498FB8CFCD
:1009D000F44B1347F5FF758FF8CBB843598DB9BF6A
:1009E000B7170040F44F1347F5FFF98EF4CFB44F1B
:1009F000E1B7B7170040F44F1347F5FFF98EF4CF76
:100A0000B44FC98E5DBFB7170040B44F1347F5FF11
:100A1000758FB8CFF84B498FC1B7B7170040B84FA3
:100A2000498FC5BFB7177A00938707203355F50262
:100A30001375F50F238DA1829307803E3305F502D0
:100A4000239CA1828280B7F700E023A0070003C7A0
:100A5000A1833305A70213071010C8C723A80700F6
:100A600098C3D84B098B75DFD84B759BD8CB828048
:100A700003D78183B7F700E023A007003305A7025F
:100A800013071010C8C723A8070098C3D84B098BB9
:100A900075DFD84B759BD8CB8280814737370040B4
:100AA000A14663C4C700328582800345B740E38E08
:100AB000A6FE3385F5000345050085072304A740FE
:100AC000CDB7B7270040C8C709472380E700514783
:100AD0002380E700828001A001A001A001A001A065
:100AE00001A001A001A001A001A001A001A001A0FE
:100AF00001A001A001A001A001A001A001A001A0EE
:100B000001A001A001A001A097010020938181DA3A
:100B1000173100201301014F172500001305C57080
:100B200097F5FF1F9385054E1386818263FAC500F2
:100B30008322050023A0550011059105E3EAC5FEB7
:100B400013858182938581876377B5002320050013
:100B50001105E36DB5FE17F501201305A54A97F5BC
:100B600001209385254A6377B500232005001105F0
:100B7000E36DB5FE9302800873A0023097F2FFFF89
:100B80009382824893E212007390523097020000E1
:100B9000938262A07390123473002030B7970040A4
:100BA0001307C0FC2388E700A388E7002389E70038
:100BB0003147A389E700130700042398E70493064D
:100BC0000020239AD704239CD704239ED704239084
:100BD000D7062392D7062394D706370702202396F9
:100BE000D70613070700D8CB376702201307072063
:100BF000D8DB98CF375702201307072098DFD8CFCC
:100C00003747022013070720D8DF98D33737022051
:100C100013070720B8C3D8D33727022013070720AC
:100C2000F8C398D73717022013070720B8C7D8D7BB
:100C30003707022013070720F8C798DB2398070619
:100C400023890706A38907060947239A0706238BEA
:100C5000E706A38B0706239CD706238D0706A38DE3
:100C60000706239E0706238FE706A38FE706239038
:100C700007082381E708A381E70823920708238355
:100C8000E708A383E708239407082385E708A385DB
:100C9000E708239607082387E708A387E7088280E9
:100CA000B797004001CD23800700130790032380EE
:100CB000E700130770022381E700CDB519472380B1
:100CC000E7008280011122CC9387C18306CE26CA19
:100CD0004AC84EC62390070083C7E1833705022028
:100CE0002D4793F7F70F834605001384C18363678D
:100CF000F7020D678A07130707EFBA979C438287AD
:100D00009307050083D72700094613D78700630D93
:100D1000C7046367E60085476305F702FD5791A0A6
:100D20008D45630FB704BD47E31AF7FE8D679387C0
:100D300007F223A2F1841387018403560700D947E1
:100D400019A88D679387C7FA23A2F18413870184BA
:100D500003560700C94763E6C70083570700C20769
:100D6000C1832310F4003DA08D67938787F323A2EE
:100D7000F184138701840356070093074007E1BFFE
:100D800093F7F70F85456389B708ADCF6380C70A2E
:100D9000E396E7F803570400C167FD178144638BAE
:100DA000E70483570400C207C183A9C7835704001F
:100DB0001307F003930400046366F70083540400F0
:100DC000C204C180E206E18663DF06001389418424
:100DD00083290900268613050500CE85A699EF1004
:100DE00060502320390183570400858FC207C183D7
:100DF0002310F400F240624426854249D244B249AD
:100E0000056182809387818023A2F1841387018406
:100E100003560700914781B79387C18023A2F184CD
:100E20001387018403560700A14735B78D67938761
:100E300007FC23A2F184138701840356070093075C
:100E4000600211BF9307050003D72700A386E18640
:100E500091B783C7E1862300F500854719B7379717
:100E60000040834787008D8B9DE3B7070020130761
:100E700000042398E70A1307050003572700938708
:100E8000C1862381E70005472382E70021B7834716
:100E9000870009478D8BE390E7FEB70700202147C5
:100EA000C9BF93F7F6010947639DE70413070500DF
:100EB00003474700630BF70263EAE7008547E31F38
:100EC000F7E4B7970040A38B0706E9B513061008AF
:100ED0006302C70213062008E312C7E437970040F5
:100EE000231C0706230DF70675B5B7970040238D21
:100EF00007064DB537970040231A0706230BF70660
:100F000051BDE39D07E09307050003C72700854710
:100F1000E312F7E89387C18603C73700799BA38163
:100F2000E7008DBD13F7F601E30A07DE8947E317F3
:100F3000F7DE9307050003D62700E31106DE83C71B
:100F40004700638FE702636EF7000547E398E7DC2D
:100F5000379700408347770793E73700A30BF706DF
:100F600015BD130710086386E70213072008E397EF
:100F7000E7DA379700408347A70793E737009DB725
:100F8000379700408347B70793E73700A30DF7066D
:100F900011B5379700408347670793E73700B9BF1C
:100FA00089472310F4009307050083D747002310D7
:100FB000050013071008639CE700B797004083C73C
:100FC00067070D478D8BE397E7DC854769B50547D4
:100FD000639DE70037970040034777070D460D8B69
:100FE000E31AC7DA2300F500ADBB13062008639FA0
:100FF000C700B797004083C7A7078D8B0D46E39BBB
:10100000C7D82300E5002310E40069B30946E39341
:10101000C7D8B797004083C7B707C5B783C7E18371
:10102000011106CE22CC26CA4AC84EC693F7F70F46
:1010300015476384E706194701446398E7049387DB
:10104000C18383D707001307F0039384C18313047C
:1010500000046366F70003D404004204418013894E
:10106000418483290900370502202286CE85130595
:101070000500EF10202783D70400A299232039010F
:10108000818FC207C1832390F4002285F24062441D
:10109000D2444249B2490561828003C7D186B797DD
:1010A00000400144A381E700CDB7411122C6379427
:1010B00000408347A40093F7F70F13F707022DC7EB
:1010C000B707022003C707009387070003C617006E
:1010D0002381E184238FC18283D6670013770706BB
:1010E0002390D18401451DE7F13EC167FD176313CD
:1010F000F502231804068D472309F406A309F40614
:10110000B7970040130700022385E70032444101EE
:1011100073002030B79700402398A7062147238902
:10112000E706A389E706E9BF13F72700630B071853
:101130000347B4008347B40085463D8B91838D8B74
:10114000630ED70A01CB89466305D712B7970040D3
:1011500009475DBF0947639BE702C93509E9A14714
:10116000A309F4062318040623090406C5B72318A7
:10117000A4068347240793C787002309F4068347FF
:10118000240793F7C70F2309F406C9B7E1F3938641
:10119000C1830357C40083D606009387C18363725B
:1011A000D7040357C40083D607004207418333871F
:1011B000E640420741832390E70083D70700C20738
:1011C000C1839DC3B797004003C737071347870004
:1011D000A389E70603C737071377C70FA389E70675
:1011E000B5B703D70700C1B7B797004023980706E4
:1011F00021472389E706A389070689BF0947639F1B
:10120000E702231A04068347640793C78700230B6A
:10121000F4068347640793F7C70F93E72700230B70
:10122000F4068347740793C78700A30BF40683472C
:10123000740793F7C70FA30BF40609BF81FB03578D
:10124000C40083477407420793F7C70F93E727004B
:10125000A30BF406B7670220938707205CD841836D
:10126000231AE4068347640793F7C70F230BF4069A
:10127000F1BD6394E702B7570220938707201CDC77
:101280008347A40793C78700230DF4068347A40769
:1012900093F7C70F230DF40655BDE39907EAB75737
:1012A0000220938707205CCC8347B40793C787004D
:1012B000A30DF4068347B40793F7C70FA30DF406F5
:1012C00071B513F7170031CBEFF05F8D8547A301A0
:1012D00004002305F40083C71185054793F7F70F32
:1012E000E396E7E237E700E0B70610002320D710C7
:1012F000B70620002320D710B70602002320D710FE
:101300003755FE03372700402301F7001305056C0E
:10131000EFF02FFB05452D20D5BB918BE38807DE31
:1013200091472305F400DDB3B7E700E04147B4433C
:10133000B8C305473315A70023A0A718B4C38280FC
:10134000411106C655C1EFE0BFD701C937350000CE
:101350001305851BEF10001201A04167B7870040FD
:101360007D17B8DB3707022013070700F8DB375873
:1013700002203747022023A0E7081308082037453A
:10138000022023AA070913050520B735022023A050
:10139000A70A938505203726022023A8B70A13063B
:1013A0000620B716022023A0C70C93860620370715
:1013B000022023A8D70C13070720B768022023A018
:1013C000E70E9388082023A2170923A8070923A260
:1013D000A70A23AAB70A23A2C70C23AAD70C23A2C1
:1013E000E70EB240410182800945EFE05FF1B78727
:1013F00000401307800298C34D47D8C323A40700B9
:10140000194798D3F9BF4111014506C6153F51450B
:10141000EFF00FE6B240054541011DB70111370558
:10142000022022CC1307050006CE26CA4AC84EC6A3
:1014300052C456C203461700835667002388C184EE
:1014400023A6D1848945938701856318B606834511
:10145000470015466393C5069307E0081384C184CB
:101460000347070063F3D7001CC08D6504409386D3
:10147000450123AAD184930600202689138A418539
:10148000938A450163F4960013090020931787019E
:1014900093190901E18793D9090163DC07004A86A2
:1014A0009385450113050500CA9AEF00B063232018
:1014B0005A01B384244104C031A07D57C1692380FF
:1014C000E700FD19F24062444E85D2444249B249D8
:1014D000224A924A0561828001113705022022CCFE
:1014E00006CE26CA4AC84EC652C456C29305050047
:1014F00083C7150003D765009386C1842388F184D0
:1015000098C21948138601851384C1846383070731
:10151000930805006364F802054701496389E702FF
:10152000638207160D476384E70215476387E71454
:10153000FD5741692300F6007D1911A82D47014987
:101540006387E700636FF7002547E393E7FEF24008
:1015500062444A85D2444249B249224A924A0561CC
:101560008280130700030149E383E7FE130710039A
:1015700075BF83C63500094893844185638E06078D
:101580006369D80085476384F602FD572300F6009F
:101590003DA08D47638BF606BD47E398F6FED9471D
:1015A00063F3E7001CC08D67938787FE01A8C947D6
:1015B00063F3E7001CC08D679387C7169CC0032A9E
:1015C000040093070020D28963F4470193090020A7
:1015D00083AA0400139909014E86330A3A41D6853D
:1015E00013050500D699EF00F04F13590901232088
:1015F000440123A03401A1BF9307800C63F3E700EB
:101600001CC08D679387470A55BF83C72500638435
:101610000705636DF8008DCB8546E398D7F6A147A3
:1016200063F3E7001CC09387818149BF638ED702B3
:101630009306E00EE39BD7F4C94763F3E7001CC0B1
:101640008D67938707009DBF914763F3E7001CC038
:1016500093874181A5B79307600263F3E7001CC03D
:101660008D679387071899BFD94763F3E7001CC0BC
:10167000B70700209387070091B783C72800014967
:101680001CC0F1B52390E50023A006000949C1B5AF
:1016900003C70185011156C206CE22CC26CA4AC80C
:1016A0004EC652C49947814A6313F70483A4C18488
:1016B00013070020138AC1842684637497001304DF
:1016C0000020138941858329090037050220931AD8
:1016D00004012286818CCE85130505004E94EF000F
:1016E000704093DA0A0123209A0023208900F240F7
:1016F00062445685D2444249B249224A924A05611F
:1017000082800145828003C7018595476316F700F3
:1017100003A5C1846FE05FBD8280EFE03FC173002D
:101720002030411122C6B727004005472383E70038
:101730009387118503C7070085466394E6025145E8
:1017400023800700D5365545C5360145D53E37358A
:1017500000001305851AEF00F05132444101730077
:10176000203013841185834704000D476305F70279
:1017700051455D3E55454D3E0145D936B797004030
:1017800023A0070037070002B7E700E023A0E71017
:101790000545EFF0EFD085472300F40037240040E3
:1017A000230104004545493689472300F40075B7F5
:1017B000411122C6378400405C4413973701635AB5
:1017C0000700930720141CC00145EFE05FB3856755
:1017D0005CC4B7870040D847058B31C70547D8C7D9
:1017E000138781858346070093F6F60F81CE930613
:1017F0000028B4C7B70602009106F4C723A807045F
:10180000230007000D474545A388E184313EB727F3
:10181000004009472380E7006545238107002936FA
:101820000145EFF0EFC7378700405C47918B91C7C8
:1018300091475CC70945EFE09FAC378700405C47A4
:10184000A18B85CFA1475CC701450547A388E184EB
:10185000C53C5145D13CB727004009472380E700EC
:10186000238107004545C934B7E700E03707000288
:1018700023A0E7100545EFF0AFC2B7870040D84777
:101880009316B70063D8060037071000D8C709457C
:10189000EFE0FFA6378400405C4493F7074099CF00
:1018A000930700405CC41C48858B638A0718094570
:1018B000EFE0FFA45C400567D98F5CC0B7860040AD
:1018C000D8468567938707807D8F01CB0546238C9B
:1018D000C184DCC60145EFE09FA2378400405C4430
:1018E00013972701635B070289675CC40945EFE032
:1018F0001FA1113E0145EFE03F9F5C4093E70710B9
:101900005CC0B7870040984B098B75FFD8430945E9
:101910001377F7EFD8C3EFF00F93378400405C44A0
:10192000139707016357070C1C5037070080814647
:10193000D98F1CD0A1675CC401470146814505458C
:10194000232E0406EFE0FF8F0147814601468145C3
:101950000945EFE01F8F01478146014681450D454E
:10196000EFE03F8E01478146014681451145EFE09A
:101970005F8D01478146014681451545EFE07F8C2B
:1019800001478146014681451945EFE09F8B01479C
:101990008146014681451D45EFE0BF8A01468145EC
:1019A0000545EFE03F84014681450945EFE09F830F
:1019B000014681450D45EFE0FF8201468145114515
:1019C000EFE05F82014681451545EFE0BF810146AA
:1019D00081451945EFE01F81014681451D45EFE036
:1019E0007F800145EFE05F905C4041777D17F98F84
:1019F0005CC0378400405C4493F7070499C70545F1
:101A0000EFE0FF8F930700045CC4378400405C4420
:101A100093F7070299C70945EFE07F8E930700020D
:101A20005CC4378400405C44C18B91C70945EFE03A
:101A30001F8DC1475CC4324441017300203013053F
:101A4000007D23240400EFF00F80EFF0DF9BBDB595
:101A50004111054506C6EFE05F8511E90545EFE058
:101A6000FF8105472384E184B2404101828005471C
:101A70006313E502EFE09F8085451307004085462C
:101A800005460545EFE0EFFB8545B240130510081C
:101A900041016FE0DF820947631FE5000545EFE084
:101AA000EFFD854513070040894605460545EFE0F3
:101AB0004FF98945D9BF0D47E318E5FA0545EFE031
:101AC000EFFB8545130700408D4605460545EFE0D1
:101AD0004FF78D455DBF4111094506C6EFE0EFFCAC
:101AE0001DE9B75702209387072037870040232A34
:101AF000F7080945EFE08FF8854513070040914648
:101B000005460945EFE0EFF39145B2401305200883
:101B100041016FE0CFFA0547631FE5000945EFE09B
:101B2000EFF5854513070040854605460945EFE07A
:101B30004FF18545D9BF0947631EE500EFE00FF47B
:101B4000854513070040894605460945EFE06FEFDC
:101B5000894565BF0D47631FE5000945EFE00FF2BA
:101B60008545130700408D4605460945EFE06FEDBA
:101B70008D4561BFB2404101828041110D4506C6CD
:101B8000EFE0AFF21DE5B7470220938707203787C4
:101B900000402320F70A0D45EFE04FEE85450D4547
:101BA0001146EFE02FE491450D45B24041016FE051
:101BB0000FF105476311E5020D45EFE02FEC854578
:101BC00013070040854605460D45EFE08FE7854544
:101BD00013053008D9BF0947631FE5000D45EFE045
:101BE000EFE9854513070040894605460D45EFE0BE
:101BF0004FE58945F1BF0D47631EE500EFE00FE8B3
:101C00008545130700408D4605460D45EFE06FE31F
:101C10008D457DBFB240410182804111114506C60C
:101C2000EFE0AFE81DE5B73702209387072037873D
:101C300000402328F70A1145EFE04FE485451145A0
:101C40001146EFE02FDA91451145B24041016FE0B6
:101C50000FE785476311F5021145EFE02FE2854557
:101C600013070040854605461145EFE08FDD8545A9
:101C700013054008D9BF8947631FF5001145EFE000
:101C8000EFDF854513070040894605461145EFE023
:101C90004FDB8945F1BF8D47631FF5001145EFE02C
:101CA000EFDD8545130700408D4605461145EFE001
:101CB0004FD98D4575BFB240410182804111154514
:101CC00006C6EFE08FDE1DE5B727022093870720C9
:101CD000378700402320F70C1545EFE02FDA8545C4
:101CE00015451146EFE00FD091451545B240410131
:101CF0006FE0EFDC85476311F5021545EFE00FD883
:101D0000854513070040854605461545EFE06FD32E
:101D1000854513055008D9BF8947631FF500154550
:101D2000EFE0CFD5854513070040894605461545A8
:101D3000EFE02FD18945F1BF8D47631FF5001545B1
:101D4000EFE0CFD38545130700408D460546154586
:101D5000EFE02FCF8D4575BFB24041018280411128
:101D6000194506C6EFE06FD41DE5B717022093872B
:101D70000720378700402328F70C1945EFE00FD0E4
:101D8000854519451146EFE0EFC591451945B2402B
:101D900041016FE0CFD285476311F5021945EFE0AD
:101DA000EFCD854513070040854605461945EFE010
:101DB0004FC9854513056008D9BF8947631FF500E2
:101DC0001945EFE0AFCB854513070040894605462E
:101DD0001945EFE00FC78945F1BF8D47631FF50037
:101DE0001945EFE0AFC98545130700408D4605460C
:101DF0001945EFE00FC58D4575BFB24041018280A6
:101E000041111D4506C6EFE04FCA1DE5B707022088
:101E100093870720378700402320F70E1D45EFE00A
:101E2000EFC585451D451146EFE0CFBB91451D45EA
:101E3000B24041016FE0AFC885476311F5021D450F
:101E4000EFE0CFC3854513070040854605461D4595
:101E5000EFE02FBF854513057008D9BF8947631F81
:101E6000F5001D45EFE08FC1854513070040894609
:101E700005461D45EFE0EFBC8945F1BF8D47631F67
:101E8000F5001D45EFE08FBF8545130700408D46E7
:101E900005461D45EFE0EFBA8D4575BFB2404101E3
:101EA000828001119306D1001306E1006C00054504
:101EB00006CEEFE0CFB08347C10085EF0545EFE0E8
:101EC0000FB4B7670220938707203787004023228B
:101ED000F708854505451307004091460546EFE0A4
:101EE0004FB6914513051008EFE06FBDF240056154
:101EF00082800547639DE7000545EFE04FB08545CB
:101F000005460545EFE00FAE85450545F1BF09479C
:101F1000639CE7000545EFE08FAE85450946054522
:101F2000EFE04FAC8945D5B70D47E391E7FC054598
:101F3000EFE0EFAC85450D460545EFE0AFAA8D45D6
:101F4000E9B701119306D1001306E1006C000945C1
:101F500006CEEFE0CFA68347C10091EB0945EFE045
:101F60000FAA0547A384E184F240056182800547FA
:101F7000639FE7000945EFE08FA8854505460945C1
:101F8000EFE04FA685450945EFE06FB3F1BF094784
:101F9000639CE7000945EFE08FA6854509460945A2
:101FA000EFE04FA48945C5B70D47E39FE7FA094520
:101FB000EFE0EFA485450D460945EFE0AFA28D4562
:101FC000D9B701119306D1001306E1006C000D454D
:101FD00006CEEFE0CF9E8347C10085EF0D45EFE0D1
:101FE0000FA2B7470220938707203787004023229C
:101FF000F70A85450D451307004091460546EFE079
:102000004FA4914513053008EFE06FABF240056136
:1020100082800547639DE7000D45EFE04F9E8545B3
:1020200005460D45EFE00F9C85450D45F1BF09477D
:10203000639CE7000D45EFE08F9C854509460D4503
:10204000EFE04F9A8945D5B70D47E391E7FC0D4581
:10205000EFE0EF9A85450D460D45EFE0AF988D45D1
:10206000E9B701119306D1001306E1006C00114598
:1020700006CEEFE0CF948347C10085EF1145EFE036
:102080000F98B73702209387072037870040232A0D
:10209000F70A854511451307004091460546EFE0D4
:1020A0004F9A914513054008EFE06FA1F24005619A
:1020B00082800547639DE7001145EFE04F94854519
:1020C00005461145EFE00F9285451145F1BF0947DF
:1020D000639CE7001145EFE08F9285450946114565
:1020E000EFE04F908945D5B70D47E391E7FC1145E7
:1020F000EFE0EF9085450D461145EFE0AF8E8D4541
:10210000E9B701119306D1001306E1006C001545F3
:1021100006CEEFE0CF8A8347C10085EF1545EFE09B
:102120000F8EB7270220938707203787004023228E
:10213000F70C854515451307004091460546EFE02D
:102140004F90914513055008EFE06F97F2400561FD
:1021500082800547639DE7001545EFE04F8A85457E
:1021600005461545EFE00F8885451545F1BF094740
:10217000639CE7001545EFE08F88854509461545C6
:10218000EFE04F868945D5B70D47E391E7FC15454C
:10219000EFE0EF8685450D461545EFE0AF848D45B0
:1021A000E9B701119306D1001306E1006C0019454F
:1021B00006CEEFE0CF808347C10085EF1945EFE001
:1021C0000F84B71702209387072037870040232A00
:1021D000F70C854519451307004091460546EFE089
:1021E0004F86914513056008EFE06F8DF240056161
:1021F00082800547639DE7001945EFE04F808545E4
:1022000005461945EFD01FFE85451945F1BF094721
:10221000639CE7001945EFD09FFE854509461945A7
:10222000EFD05FFC8945D5B70D47E391E7FC194531
:10223000EFD0FFFC85450D461945EFD0BFFA8D451F
:10224000E9B701119306D1001306E1006C001D45AA
:1022500006CEEFD0DFF68347C10085EF1D45EFD0F6
:102260001FFAB707022093870720378700402322F1
:10227000F70E85451D451307004091460546EFD0F2
:102280005FFC914513057008EFE06F83F240056134
:1022900082800547639DE7001D45EFD05FF68545C9
:1022A00005461D45EFD01FF485451D45F1BF094783
:1022B000639CE7001D45EFD09FF4854509461D4509
:1022C000EFD05FF28945D5B70D47E391E7FC1D4597
:1022D000EFD0FFF285450D461D45EFD0BFF08D458F
:1022E000E9B78280B3C7A5008D8B3307C50081E7AE
:1022F0008D4763EEC700AA876370E50A83C60500B1
:1023000085078505A38FD7FEE3EAE7FE82809376F3
:102310003500AA8791CA83C6050085078505A38F66
:10232000D7FE93F63700FDB79376C7FF138606FEF8
:1023300063F0C70683A3050083A2450083AF850031
:1023400003AFC50083AE050103AE450103A38501BC
:1023500083A8C5019385450223A0770003A8C5FF84
:1023600023A2570023A4F70123A6E70123A8D7013E
:1023700023AAC70123AC670023AE17019387470246
:1023800023AE07FF75B790419107910523AEC7FEB5
:10239000E3EBD7FEE3E4E7F68280011126CA4AC8E0
:1023A00006CE22CC4EC652C4AA842E8901C51C4D2D
:1023B00091E3ED299C4C804499E32685C529971724
:1023C0000000938767E2631CF402C0408357C40097
:1023D000A18BB1C71C48A1C7FD59294A1C4483459C
:1023E0000900FD17B1E91CC463DE07062286A94572
:1023F00026854128FD576308F502294535A0971722
:102400000000938767E06314F4008044C1B7971716
:102410000000938767DBE31BF4FAC04445BFA28545
:102420002685052255D97D55F2406244D244424961
:10243000B249224A056182801CC4050963D707009E
:10244000184C63CBE700638945011C4013871700D4
:1024500018C02380B70059B7228626851D20E31FA8
:1024600035F7D1B71C401387170018C029472380C0
:10247000E70061B797E7FF1F938707C4AA858843E2
:1024800029BF011122CC26CA4AC806CE4EC6AA844C
:102490002E89328401C51C4D91E30929971700004C
:1024A000938787D46319F406C0401C4C1CC483571F
:1024B000C400A18BC9C31C48BDCF1C4808409379F8
:1024C000F90F1379F90F1D8D5C486346F500A2855D
:1024D0002685752C2DE51C440505FD171CC41C40E4
:1024E0001387170018C0238037015C486389A70051
:1024F0008357C400858B81CBA9476316F900A28559
:10250000268571240DEDF24062444A85D244424949
:10251000B24905618280971700009387E7CE631464
:10252000F400804459B7971700009387E7C9E31E6A
:10253000F4F6C0449DBFA285268521203DDD7D594E
:10254000D9B7411197E7FF1F938707B726C2844386
:1025500022C44AC006C62A892E8489C49C4C99E3A9
:102560002685A92697170000938707C8631CF402E5
:10257000C0400317C40093170701C18393F6870077
:10258000B5EE93F607019DEEA5472320F9001367EA
:1025900007042316E4007D55B240224492440249C8
:1025A0004101828097170000938707C66314F400E7
:1025B0008044C1B797170000938707C1E31BF4FA63
:1025C000C04445BF918B8DC74C5889C993074404BB
:1025D0006384F5004A85252B232A04028357C4000F
:1025E0002322040093F7B7FD2316F4001C481CC0F7
:1025F0008357C40093E787002316F4001C4881EF3B
:102600008357C4001307002093F707286385E7006A
:10261000A2854A85B9298357C40013F7170005C757
:102620005C4823240400B307F0401CCC1C4801453F
:10263000A5F78317C40013F7070839DF93E70704EA
:102640002316F40089BF898B014791E3584818C4C9
:10265000F1BF83D7C500011122CC26CA06CE4AC8D5
:102660004EC613F78700AA842E8471EFD841634DBC
:10267000E000B841634AE0000145F2406244D244C0
:102680004249B2490561828058547DD703A90400AC
:102690009396370123A0040063DD06067048835734
:1026A000C400918B99C75C401D8E5C5899C33C4017
:1026B0001D8E5C540C50814626858297FD5703572A
:1026C000C400631DF5009440F54763E8D706B707DB
:1026D00040208507B3D7D700858BA5C31C4823228C
:1026E00004001CC09317370163D80700FD5763141B
:1026F000F5009C4091E368C84C5823A02401ADDD4F
:10270000930744046384F50026851121232A0402DB
:10271000A5B70C500146854626850297FD572A86A7
:10272000E31FF5F69C40A5DF75476385E700594731
:102730006394E70423A0240181B7136707042316D9
:10274000E4007D551DBF83A90501E38709F203A9B4
:1027500005008D8B23A0350133093941014791E3F1
:10276000D84918C4E35A20F11C540C50CA864E862E
:10277000268582976349A0008357C40093E7070426
:102780002316F4007DBFAA993309A940E1BF9C49F3
:10279000B9CF011122CC06CE2A8411C51C4D81E788
:1027A0002EC62922B245971700009387E7A3639BA3
:1027B000F5004C408397C50095C722856244F240DE
:1027C000056141BD97170000938707A46394F50046
:1027D0000C44CDB7971700009387079FE39CF5FC47
:1027E0004C44C9BFF2406244014505618280014505
:1027F0008280411122C406C62A842316B5002317FD
:10280000C5002320050023220500232405002322E0
:10281000050623280500232A0500232C0500214650
:1028200081451305C505EFD05FCC9707000093875E
:10283000E7475CD0970700009387474A1CD4970767
:1028400000009387874E5CD4970700009387475119
:1028500000D01CD8B240224441018280970500007C
:10286000938525F3A9A2411126C2130680069384FD
:10287000F5FFB384C4024AC02E8922C406C69385DC
:102880004407052E2A8401CD23200500232225019B
:10289000310508C4138684068145EFD01FC5228503
:1028A000B240224492440249410182801C4DADE372
:1028B000411106C622C497070000938767FA1CD50A
:1028C000938701829C43232405042326050423289F
:1028D00005046314F50085471CCD2A841D2848C0D3
:1028E0002285052808C422852D2048C44840014679
:1028F0009145013708440546A545E53D484409464C
:10290000C945C53D85471CCCB24022444101828067
:10291000828041119387018226C284434AC006C641
:102920009C4C22C42A8999E32685493793848404E0
:102930008044DC40FD1763D607009C40B9CF84403B
:10294000C5BF0317C40039E7C177850723220406F2
:102950002320040023220400232404005CC4232831
:102960000400232A0400232C04002146814513057A
:10297000C405EFD09FB7232A0402232C040223248A
:102980000404232604042285B240224492440249CE
:10299000410182801304840671BF91454A85E13567
:1029A00088C051FDB1472320F9000144E9BF797186
:1029B00022D44AD052CC56CA5AC85EC606D626D2AF
:1029C0004ECE2A8AAE8A130485040149054BFD5B6D
:1029D00009ECB25022544A8592540259F249624A93
:1029E000D24A424BB24B4561828004448329440061
:1029F000FD1963D409000040E1BF83D7C400637BA5
:102A0000FB008397E40063877701A6855285829A4D
:102A10003369A90093848406E1BF1971A6DAAE84F4
:102A20008395E500A2DC86DE328463DC050083D773
:102A3000C40023A0060093F707089DE39307004016
:102A400015A0300836C68D2EB246E34205FE724709
:102A5000BD67F98F7977BA9793B717009CC2F9BF12
:102A6000930700041CC0F6506654D6540145096112
:102A7000828083D7C500011122CC06CE26CA4AC85F
:102A8000898B2E8489CF930774041CC01CC885478A
:102A90005CC8F2406244D2444249056182807400BD
:102AA0003000AA849D3FA2452A892685192201ED7E
:102AB0008317C40013F7072069FFF19B93E72700F2
:102AC0002316F400C9B797070000938767D99CD4F1
:102AD0008357C40008C008C893E707082316F4000A
:102AE000A2475CC8B24789CF8315E4002685D52C60
:102AF00001C98357C400F19B93E717002316F40024
:102B00008357C4003369F9002316240159B7CDC196
:102B100083A7C5FF411122C406C626C21384C5FF80
:102B200063D307003E94AA843926938701869C4389
:102B300099EB2322040023A081862244B2402685FB
:102B400092444101D5AC637EF40014403307D400B5
:102B50006396E7009843DC43369718C05CC0E1BF3A
:102B6000BA87D84319C3E37DE4FE94433386D70084
:102B7000631F86001040B29694C33386D700E31ECD
:102B8000C7FA10435843B29694C3D8C37DB7637550
:102B9000C400B1479CC055B71040B306C4006316CB
:102BA000D70014435843B29614C058C0C0C371B77D
:102BB0008280011126CA93843500F19806CE22CC7A
:102BC0004AC84EC6A104B14763F1F404B14463E0BE
:102BD000B4042A898D249387018698433A8431E08E
:102BE000938741869C4391E781454A85512823A2DA
:102BF000A186A6854A856920FD5963173507B14727
:102C00002320F9004A850D2C29A0E3D204FCB1470A
:102C10001CC10145F2406244D2444249B2490561B7
:102C200082801C40858F63CE0702AD4663F6F600B6
:102C30001CC03E9404C031A05C406312870223A0F4
:102C4000F1864A85D52A1305B4009307440061999B
:102C50003307F54061D33A94898F1CC065BF5CC3CC
:102C6000CDB722874040A5BF130435007198E30318
:102C700085FCB305A4404A852120E31D35FB41B7FF
:102C8000411122C42A842E8523AA018606C6112C4E
:102C9000FD576317F500938741879C4391C31CC080
:102CA000B240224441018280411122C42E84839586
:102CB000E50006C65922634905007C48AA977CC8EE
:102CC000B2402244410182808357C4007D777D1742
:102CD000F98F2316F400EDB783D7C500011122CC7C
:102CE00026CA4AC84EC606CE93F70710AA842E8479
:102CF0003289B68991C78395E5008946014631221C
:102D00008357C4007D777D17F98F2316F400831550
:102D1000E4006244F240CE864A86B24942492685A2
:102D2000D24405613DA8411122C42E848395E5005B
:102D300006C6E128FD570357C400631BF500FD7765
:102D4000FD17F98F2316F400B2402244410182801E
:102D50008567D98F2316F40068C8FDB78395E50011
:102D600005A8411122C42A842E85B285368623AA5D
:102D7000018606C6EFD07FD2FD576317F500938713
:102D800041879C4391C31CC0B240224441018280D0
:102D9000411122C42A842E8523AA018606C6E12079
:102DA000FD576317F500938741879C4391C31CC06F
:102DB000B240224441018280411122C42A842E85DE
:102DC000B28523AA018606C66D20FD576317F5005C
:102DD000938741879C4391C31CC0B2402244410168
:102DE0008280411122C42A842E8523AA018606C628
:102DF0007920FD576317F500938741879C4391C362
:102E00001CC0B240224441018280411122C42A8464
:102E10002E85B285368623AA018606C6BD20FD57BB
:102E20006317F500938741879C4391C31CC0B24050
:102E300022444101828082808280411122C42A84FE
:102E40002E85B285368623AA018606C6A920FD579F
:102E50006317F500938741879C4391C31CC0B24020
:102E60002244410182809307800523AAF1867D5583
:102E700082809307800523AAF1867D55828093077F
:102E8000800523AAF186014582809307800523AA45
:102E9000F1867D5582809307800523AAF1867D55B2
:102EA0008280938781869C4391C73E9523A4A18607
:102EB0003E858280938781873E9523A4A1863E85A7
:102EC0008280000024090000400900005C09000025
:102ED0007E09000090090000A8090000C009000058
:102EE000E0090000F2090000060A00001A0A0000CA
:102EF000A00F0000A20E00001C0D0000240F000017
:102F00001C0D0000440E0000000D00001C0D000010
:102F1000520E00005E0E0000940D0000940D0000A3
:102F2000050F160002071002020000000A1003003D
:102F30000E00010AFF070000090274000101008071
:102F400064090400000EFFFFFF0007058102000274
:102F500000070501020002000705820200020007C7
:102F600005020200020007058302000200070503B4
:102F700002000200070584020002000705040200A7
:102F80000200070585020002000705050200020095
:102F90000705860200020007050602000200070579
:102FA000870200020007050702000200120100026A
:102FB00000000040861A3755001101020001000090
:102FC00026035700430048002000550053004200EC
:102FD00032002E0030002000440045005600490019
:102FE0004300450020000000050F160002071002F4
:102FF000060000000A1003000E00010AFF0700008F
:1030000012034D00530046005400310030003000E0
:10301000010000008E000000000105000100840096
:1030200000000100000028004400650076006900EF
:103030006300650049006E00740065007200660060
:10304000610063006500470055004900440000002E
:103050004E0000007B0031003200330034003500A8
:103060003600370038002D003100320033003400C4
:103070002D0031003200330034002D0031003200C9
:10308000330034002D0031003200330034003500AD
:1030900036003700380039004100420043007D000F
:1030A000000000000902C80001010080640904005A
:1030B000000EFFFFFF000705810200040006300339
:1030C00000000007050102000400063003000000B4
:1030D0000705820200040006300300000007050215
:1030E000020004000630030000000705830200040C
:1030F000000630030000000705030200040006304C
:1031000003000000070584020004000630030000ED
:103110000007050402000400063003000000070554
:1031200085020004000630030000000705050200C8
:1031300004000630030000000705860200040006B4
:1031400030030000000705060200040006300300FB
:103150000000070587020004000630030000000796
:1031600005070200040006300300000012010003FE
:10317000FF805509861A375500010102030100003E
:10318000260357004300480020005500530042002A
:1031900033002E0030002000440045005600490056
:1031A0004300450020000000555342332E30206478
:1031B000697361626C650000496E697420657272A2
:1031C00000000000000000000000000000000000FF
:1031D00000000000000000000000000000000000EF
:1031E00000000000000000000000000000000000DF
:1031F00000000000000000000000000000000000CF
:1032000000000000000000000000000000000000BE
:1032100000000000000000000000000000000000AE
:0432200000000000AA
:10322400160330003100320033003400350036001C
:103234003700380039000000501A0000D61A000088
:103244007A1B00001A1C0000BC1C00005E1D00005C
:10325400001E0000A21E0000421F0000C21F00004A
:103264006220000002210000A2210000422200008E
:1032740000000000E431000004320000C43100000A
:10328400000000000000000000000000000000003A
:10329400000000000000000000000000000000002A
:1032A400000000000000000000000000000000001A
:1032B400000000000000000000000000000000000A
:1032C40000000000000000000000000000000000FA
:1032D4000002000050000020040309040803570002
:1032E400430048000403090408035700430048004E
:0832F400500000200000000062
:1032FC0000000000000000000000000000000000C2
:10330C0000000000000000000000000000000000B1
:10331C0000000000000000000000000000000000A1
:10332C000000000000000000000000000000000091
:10333C000000000000000000000000000000000081
:10334C000000000000000000000000000000000071
:10335C000000000000000000000000000000000061
:10336C000000000000000000000000000000000051
:10337C000000000000000000000000000000000041
:10338C000000000000000000000000000000000031
:10339C000000000000000000000000000000000021
:1033AC000000000000000000000000000000000011
:1033BC000000000000000000000000000000000001
:1033CC0000000000000000000000000000000000F1
:1033DC0000000000000000000000000000000000E1
:1033EC0000000000000000000000000000000000D1
:1033FC0000000000000000000000000000000000C1
:10340C0000000000000000000000000000000000B0
:10341C0000000000000000000000000000000000A0
:10342C000000000000000000000000000000000090
:10343C000000000000000000000000000000000080
:10344C000000000000000000000000000000000070
:10345C000000000000000000000000000000000060
:10346C000000000000000000000000000000000050
:10347C000000000000000000000000000000000040
:10348C000000000000000000000000000000000030
:10349C000000000000000000000000000000000020
:1034AC000000000000000000000000000000000010
:1034BC000000000000000000000000000000000000
:1034CC0000000000000000000000000000000000F0
:1034DC0000000000000000000000000000000000E0
:1034EC0000000000000000000000000000000000D0
:1034FC0000000000000000000000000000000000C0
:10350C0000000000000000000000000000000000AF
:10351C00000000000000000000000000000000009F
:10352C00000000000000000000000000000000008F
:10353C00000000000000000000000000000000007F
:10354C00000000000000000000000000000000006F
:10355C00000000000000000000000000000000005F
:10356C00000000000000000000000000000000004F
:10357C00000000000000000000000000000000003F
:10358C00000000000000000000000000000000002F
:10359C00000000000000000000000000000000001F
:1035AC00000000000000000000000000000000000F
:1035BC0000000000000000000000000000000000FF
:1035CC0000000000000000000000000000000000EF
:1035DC0000000000000000000000000000000000DF
:1035EC0000000000000000000000000000000000CF
:1035FC0000000000000000000000000000000000BF
:10360C0000000000000000000000000000000000AE
:10361C00000000000000000000000000000000009E
:10362C00000000000000000000000000000000008E
:10363C00000000000000000000000000000000007E
:10364C00000000000000000000000000000000006E
:10365C00000000000000000000000000000000005E
:10366C00000000000000000000000000000000004E
:10367C00000000000000000000000000000000003E
:10368C00000000000000000000000000000000002E
:10369C00000000000000000000000000000000001E
:1036AC00000000000000000000000000000000000E
:1036BC0000000000000000000000000000000000FE
:1036CC0000000000000000000000000000000000EE
:1036DC0000000000000000000000000000000000DE
:1036EC0000000000000000000000000000000000CE
:1036FC0000000000000000000000000000000000BE
:10370C0000000000000000000000000000000000AD
:10371C00000000000000000000000000000000009D
:10372C00000000000000000000000000000000008D
:10373C00000000000000000000000000000000007D
:10374C00000000000000000000000000000000006D
:10375C00000000000000000000000000000000005D
:10376C00000000000000000000000000000000004D
:10377C00000000000000000000000000000000003D
:10378C00000000000000000000000000000000002D
:10379C00000000000000000000000000000000001D
:1037AC00000000000000000000000000000000000D
:1037BC0000000000000000000000000000000000FD
:1037CC0000000000000000000000000000000000ED
:1037DC0000000000000000000000000000000000DD
:1037EC0000000000000000000000000000000000CD
:1037FC0000000000000000000000000000000000BD
:10380C0000000000000000000000000000000000AC
:10381C00000000000000000000000000000000009C
:10382C00000000000000000000000000000000008C
:10383C00000000000000000000000000000000007C
:10384C00000000000000000000000000000000006C
:10385C00000000000000000000000000000000005C
:10386C00000000000000000000000000000000004C
:10387C00000000000000000000000000000000003C
:10388C00000000000000000000000000000000002C
:10389C00000000000000000000000000000000001C
:1038AC00000000000000000000000000000000000C
:1038BC0000000000000000000000000000000000FC
:1038CC0000000000000000000000000000000000EC
:1038DC0000000000000000000000000000000000DC
:1038EC0000000000000000000000000000000000CC
:1038FC0000000000000000000000000000000000BC
:10390C0000000000000000000000000000000000AB
:10391C00000000000000000000000000000000009B
:10392C00000000000000000000000000000000008B
:10393C00000000000000000000000000000000007B
:10394C00000000000000000000000000000000006B
:10395C00000000000000000000000000000000005B
:10396C00000000000000000000000000000000004B
:10397C00000000000000000000000000000000003B
:10398C00000000000000000000000000000000002B
:10399C00000000000000000000000000000000001B
:1039AC00000000000000000000000000000000000B
:1039BC0000000000000000000000000000000000FB
:1039CC0000000000000000000000000000000000EB
:1039DC0000000000000000000000000000000000DB
:1039EC0000000000000000000000000000000000CB
:1039FC0000000000000000000000000000000000BB
:103A0C0000000000000000000000000000000000AA
:103A1C00000000000000000000000000000000009A
:103A2C00000000000000000000000000000000008A
:103A3C00000000000000000000000000000000007A
:103A4C00000000000000000000000000000000006A
:103A5C00000000000000000000000000000000005A
:103A6C00000000000000000000000000000000004A
:103A7C00000000000000000000000000000000003A
:103A8C00000000000000000000000000000000002A
:103A9C00000000000000000000000000000000001A
:103AAC00000000000000000000000000000000000A
:103ABC0000000000000000000000000000000000FA
:103ACC0000000000000000000000000000000000EA
:103ADC0000000000000000000000000000000000DA
:103AEC0000000000000000000000000000000000CA
:103AFC0000000000000000000000000000000000BA
:103B0C0000000000000000000000000000000000A9
:103B1C000000000000000000000000000000000099
:103B2C000000000000000000000000000000000089
:103B3C000000000000000000000000000000000079
:103B4C000000000000000000000000000000000069
:103B5C000000000000000000000000000000000059
:103B6C000000000000000000000000000000000049
:103B7C000000000000000000000000000000000039
:103B8C000000000000000000000000000000000029
:103B9C000000000000000000000000000000000019
:103BAC000000000000000000000000000000000009
:103BBC0000000000000000000000000000000000F9
:103BCC0000000000000000000000000000000000E9
:103BDC0000000000000000000000000000000000D9
:103BEC0000000000000000000000000000000000C9
:103BFC0000000000000000000000000000000000B9
:103C0C0000000000000000000000000000000000A8
:103C1C000000000000000000000000000000000098
:103C2C000000000000000000000000000000000088
:103C3C000000000000000000000000000000000078
:103C4C000000000000000000000000000000000068
:103C5C000000000000000000000000000000000058
:103C6C000000000000000000000000000000000048
:103C7C000000000000000000000000000000000038
:103C8C000000000000000000000000000000000028
:103C9C000000000000000000000000000000000018
:103CAC000000000000000000000000000000000008
:103CBC0000000000000000000000000000000000F8
:103CCC0000000000000000000000000000000000E8
:103CDC0000000000000000000000000000000000D8
:103CEC0000000000000000000000000000000000C8
:103CFC0000000000000000000000000000000000B8
:103D0C0000000000000000000000000000000000A7
:103D1C000000000000000000000000000000000097
:103D2C000000000000000000000000000000000087
:103D3C000000000000000000000000000000000077
:103D4C000000000000000000000000000000000067
:103D5C000000000000000000000000000000000057
:103D6C000000000000000000000000000000000047
:103D7C000000000000000000000000000000000037
:103D8C000000000000000000000000000000000027
:103D9C000000000000000000000000000000000017
:103DAC000000000000000000000000000000000007
:103DBC0000000000000000000000000000000000F7
:103DCC0000000000000000000000000000000000E7
:103DDC0000000000000000000000000000000000D7
:103DEC0000000000000000000000000000000000C7
:103DFC0000000000000000000000000000000000B7
:103E0C0000000000000000000000000000000000A6
:103E1C000000000000000000000000000000000096
:103E2C000000000000000000000000000000000086
:103E3C000000000000000000000000000000000076
:103E4C000000000000000000000000000000000066
:103E5C000000000000000000000000000000000056
:103E6C000000000000000000000000000000000046
:103E7C000000000000000000000000000000000036
:103E8C000000000000000000000000000000000026
:103E9C000000000000000000000000000000000016
:103EAC000000000000000000000000000000000006
:103EBC0000000000000000000000000000000000F6
:103ECC0000000000000000000000000000000000E6
:103EDC0000000000000000000000000000000000D6
:103EEC0000000000000000000000000000000000C6
:103EFC0000000000000000000000000000000000B6
:103F0C0000000000000000000000000000000000A5
:103F1C000000000000000000000000000000000095
:103F2C000000000000000000000000000000000085
:103F3C000000000000000000000000000000000075
:103F4C000000000000000000000000000000000065
:103F5C000000000000000000000000000000000055
:103F6C000000000000000000000000000000000045
:103F7C000000000000000000000000000000000035
:103F8C000000000000000000000000000000000025
:103F9C000000000000000000000000000000000015
:103FAC000000000000000000000000000000000005
:103FBC0000000000000000000000000000000000F5
:103FCC0000000000000000000000000000000000E5
:103FDC0000000000000000000000000000000000D5
:103FEC0000000000000000000000000000000000C5
:103FFC0000000000000000000000000000000000B5
:10400C0000000000000000000000000000000000A4
:10401C000000000000000000000000000000000094
:10402C000000000000000000000000000000000084
:10403C000000000000000000000000000000000074
:10404C000000000000000000000000000000000064
:10405C000000000000000000000000000000000054
:10406C000000000000000000000000000000000044
:10407C000000000000000000000000000000000034
:10408C000000000000000000000000000000000024
:10409C000000000000000000000000000000000014
:1040AC000000000000000000000000000000000004
:1040BC0000000000000000000000000000000000F4
:1040CC0000000000000000000000000000000000E4
:1040DC0000000000000000000000000000000000D4
:1040EC0000000000000000000000000000000000C4
:1040FC0000000000000000000000000000000000B4
:10410C0000000000000000000000000000000000A3
:10411C000000000000000000000000000000000093
:10412C000000000000000000000000000000000083
:10413C000000000000000000000000000000000073
:10414C000000000000000000000000000000000063
:10415C000000000000000000000000000000000053
:10416C000000000000000000000000000000000043
:10417C000000000000000000000000000000000033
:10418C000000000000000000000000000000000023
:10419C000000000000000000000000000000000013
:1041AC000000000000000000000000000000000003
:1041BC0000000000000000000000000000000000F3
:1041CC0000000000000000000000000000000000E3
:1041DC0000000000000000000000000000000000D3
:1041EC0000000000000000000000000000000000C3
:1041FC0000000000000000000000000000000000B3
:10420C0000000000000000000000000000000000A2
:10421C000000000000000000000000000000000092
:10422C000000000000000000000000000000000082
:10423C000000000000000000000000000000000072
:10424C000000000000000000000000000000000062
:10425C000000000000000000000000000000000052
:10426C000000000000000000000000000000000042
:10427C000000000000000000000000000000000032
:10428C000000000000000000000000000000000022
:10429C000000000000000000000000000000000012
:1042AC000000000000000000000000000000000002
:1042BC0000000000000000000000000000000000F2
:1042CC0000000000000000000000000000000000E2
:1042DC0000000000000000000000000000000000D2
:1042EC0000000000000000000000000000000000C2
:1042FC0000000000000000000000000000000000B2
:10430C0000000000000000000000000000000000A1
:10431C000000000000000000000000000000000091
:10432C000000000000000000000000000000000081
:10433C000000000000000000000000000000000071
:10434C000000000000000000000000000000000061
:10435C000000000000000000000000000000000051
:10436C000000000000000000000000000000000041
:10437C000000000000000000000000000000000031
:10438C000000000000000000000000000000000021
:10439C000000000000000000000000000000000011
:1043AC000000000000000000000000000000000001
:1043BC0000000000000000000000000000000000F1
:1043CC0000000000000000000000000000000000E1
:1043DC0000000000000000000000000000000000D1
:1043EC0000000000000000000000000000000000C1
:1043FC0000000000000000000000000000000000B1
:10440C0000000000000000000000000000000000A0
:10441C000000000000000000000000000000000090
:10442C000000000000000000000000000000000080
:10443C000000000000000000000000000000000070
:10444C000000000000000000000000000000000060
:10445C000000000000000000000000000000000050
:10446C000000000000000000000000000000000040
:10447C000000000000000000000000000000000030
:10448C000000000000000000000000000000000020
:10449C000000000000000000000000000000000010
:1044AC000000000000000000000000000000000000
:1044BC0000000000000000000000000000000000F0
:1044CC0000000000000000000000000000000000E0
:1044DC0000000000000000000000000000000000D0
:1044EC0000000000000000000000000000000000C0
:1044FC0000000000000000000000000000000000B0
:10450C00000000000000000000000000000000009F
:10451C00000000000000000000000000000000008F
:10452C00000000000000000000000000000000007F
:10453C00000000000000000000000000000000006F
:10454C00000000000000000000000000000000005F
:10455C00000000000000000000000000000000004F
:10456C00000000000000000000000000000000003F
:10457C00000000000000000000000000000000002F
:10458C00000000000000000000000000000000001F
:10459C00000000000000000000000000000000000F
:1045AC0000000000000000000000000000000000FF
:1045BC0000000000000000000000000000000000EF
:1045CC0000000000000000000000000000000000DF
:1045DC0000000000000000000000000000000000CF
:1045EC0000000000000000000000000000000000BF
:1045FC0000000000000000000000000000000000AF
:10460C00000000000000000000000000000000009E
:10461C00000000000000000000000000000000008E
:10462C00000000000000000000000000000000007E
:10463C00000000000000000000000000000000006E
:10464C00000000000000000000000000000000005E
:10465C00000000000000000000000000000000004E
:10466C00000000000000000000000000000000003E
:10467C00000000000000000000000000000000002E
:10468C00000000000000000000000000000000001E
:10469C00000000000000000000000000000000000E
:1046AC0000000000000000000000000000000000FE
:1046BC0000000000000000000000000000000000EE
:1046CC0000000000000000000000000000000000DE
:1046DC0000000000000000000000000000000000CE
:1046EC0000000000000000000000000000000000BE
:1046FC0000000000000000000000000000000000AE
:10470C00000000000000000000000000000000009D
:10471C00000000000000000000000000000000008D
:10472C00000000000000000000000000000000007D
:10473C00000000000000000000000000000000006D
:10474C00000000000000000000000000000000005D
:10475C00000000000000000000000000000000004D
:10476C00000000000000000000000000000000003D
:10477C00000000000000000000000000000000002D
:10478C00000000000000000000000000000000001D
:10479C00000000000000000000000000000000000D
:1047AC0000000000000000000000000000000000FD
:1047BC0000000000000000000000000000000000ED
:1047CC0000000000000000000000000000000000DD
:1047DC0000000000000000000000000000000000CD
:1047EC0000000000000000000000000000000000BD
:1047FC0000000000000000000000000000000000AD
:10480C00000000000000000000000000000000009C
:10481C00000000000000000000000000000000008C
:10482C00000000000000000000000000000000007C
:10483C00000000000000000000000000000000006C
:10484C00000000000000000000000000000000005C
:10485C00000000000000000000000000000000004C
:10486C00000000000000000000000000000000003C
:10487C00000000000000000000000000000000002C
:10488C00000000000000000000000000000000001C
:10489C00000000000000000000000000000000000C
:1048AC0000000000000000000000000000000000FC
:1048BC0000000000000000000000000000000000EC
:1048CC0000000000000000000000000000000000DC
:1048DC0000000000000000000000000000000000CC
:1048EC0000000000000000000000000000000000BC
:1048FC0000000000000000000000000000000000AC
:10490C00000000000000000000000000000000009B
:10491C00000000000000000000000000000000008B
:10492C00000000000000000000000000000000007B
:10493C00000000000000000000000000000000006B
:10494C00000000000000000000000000000000005B
:10495C00000000000000000000000000000000004B
:10496C00000000000000000000000000000000003B
:10497C00000000000000000000000000000000002B
:10498C00000000000000000000000000000000001B
:10499C00000000000000000000000000000000000B
:1049AC0000000000000000000000000000000000FB
:1049BC0000000000000000000000000000000000EB
:1049CC0000000000000000000000000000000000DB
:1049DC0000000000000000000000000000000000CB
:1049EC0000000000000000000000000000000000BB
:1049FC0000000000000000000000000000000000AB
:104A0C00000000000000000000000000000000009A
:104A1C00000000000000000000000000000000008A
:104A2C00000000000000000000000000000000007A
:104A3C00000000000000000000000000000000006A
:104A4C00000000000000000000000000000000005A
:104A5C00000000000000000000000000000000004A
:104A6C00000000000000000000000000000000003A
:104A7C00000000000000000000000000000000002A
:104A8C00000000000000000000000000000000001A
:104A9C00000000000000000000000000000000000A
:104AAC0000000000000000000000000000000000FA
:104ABC0000000000000000000000000000000000EA
:104ACC0000000000000000000000000000000000DA
:104ADC0000000000000000000000000000000000CA
:104AEC0000000000000000000000000000000000BA
:104AFC0000000000000000000000000000000000AA
:104B0C000000000000000000000000000000000099
:104B1C000000000000000000000000000000000089
:104B2C000000000000000000000000000000000079
:104B3C000000000000000000000000000000000069
:104B4C000000000000000000000000000000000059
:104B5C000000000000000000000000000000000049
:104B6C000000000000000000000000000000000039
:104B7C000000000000000000000000000000000029
:104B8C000000000000000000000000000000000019
:104B9C000000000000000000000000000000000009
:104BAC0000000000000000000000000000000000F9
:104BBC0000000000000000000000000000000000E9
:104BCC0000000000000000000000000000000000D9
:104BDC0000000000000000000000000000000000C9
:104BEC0000000000000000000000000000000000B9
:104BFC0000000000000000000000000000000000A9
:104C0C000000000000000000000000000000000098
:104C1C000000000000000000000000000000000088
:104C2C000000000000000000000000000000000078
:104C3C000000000000000000000000000000000068
:104C4C000000000000000000000000000000000058
:104C5C000000000000000000000000000000000048
:104C6C000000000000000000000000000000000038
:104C7C000000000000000000000000000000000028
:104C8C000000000000000000000000000000000018
:104C9C000000000000000000000000000000000008
:104CAC0000000000000000000000000000000000F8
:104CBC0000000000000000000000000000000000E8
:104CCC0000000000000000000000000000000000D8
:104CDC0000000000000000000000000000000000C8
:104CEC0000000000000000000000000000000000B8
:104CFC0000000000000000000000000000000000A8
:104D0C000000000000000000000000000000000097
:104D1C000000000000000000000000000000000087
:104D2C000000000000000000000000000000000077
:104D3C000000000000000000000000000000000067
:104D4C000000000000000000000000000000000057
:104D5C000000000000000000000000000000000047
:104D6C000000000000000000000000000000000037
:104D7C000000000000000000000000000000000027
:104D8C000000000000000000000000000000000017
:104D9C000000000000000000000000000000000007
:104DAC0000000000000000000000000000000000F7
:104DBC0000000000000000000000000000000000E7
:104DCC0000000000000000000000000000000000D7
:104DDC0000000000000000000000000000000000C7
:104DEC0000000000000000000000000000000000B7
:104DFC0000000000000000000000000000000000A7
:104E0C000000000000000000000000000000000096
:104E1C000000000000000000000000000000000086
:104E2C000000000000000000000000000000000076
:104E3C000000000000000000000000000000000066
:104E4C000000000000000000000000000000000056
:104E5C000000000000000000000000000000000046
:104E6C000000000000000000000000000000000036
:104E7C000000000000000000000000000000000026
:104E8C000000000000000000000000000000000016
:104E9C000000000000000000000000000000000006
:104EAC0000000000000000000000000000000000F6
:104EBC0000000000000000000000000000000000E6
:104ECC0000000000000000000000000000000000D6
:104EDC0000000000000000000000000000000000C6
:104EEC0000000000000000000000000000000000B6
:104EFC0000000000000000000000000000000000A6
:104F0C000000000000000000000000000000000095
:104F1C000000000000000000000000000000000085
:104F2C000000000000000000000000000000000075
:104F3C000000000000000000000000000000000065
:104F4C000000000000000000000000000000000055
:104F5C000000000000000000000000000000000045
:104F6C000000000000000000000000000000000035
:104F7C000000000000000000000000000000000025
:104F8C000000000000000000000000000000000015
:104F9C000000000000000000000000000000000005
:104FAC0000000000000000000000000000000000F5
:104FBC0000000000000000000000000000000000E5
:104FCC0000000000000000000000000000000000D5
:104FDC0000000000000000000000000000000000C5
:104FEC0000000000000000000000000000000000B5
:104FFC0000000000000000000000000000000000A5
:10500C000000000000000000000000000000000094
:10501C000000000000000000000000000000000084
:10502C000000000000000000000000000000000074
:10503C000000000000000000000000000000000064
:10504C000000000000000000000000000000000054
:10505C000000000000000000000000000000000044
:10506C000000000000000000000000000000000034
:10507C000000000000000000000000000000000024
:10508C000000000000000000000000000000000014
:10509C000000000000000000000000000000000004
:1050AC0000000000000000000000000000000000F4
:1050BC0000000000000000000000000000000000E4
:1050CC0000000000000000000000000000000000D4
:1050DC0000000000000000000000000000000000C4
:1050EC0000000000000000000000000000000000B4
:1050FC0000000000000000000000000000000000A4
:10510C000000000000000000000000000000000093
:10511C000000000000000000000000000000000083
:10512C000000000000000000000000000000000073
:10513C000000000000000000000000000000000063
:10514C000000000000000000000000000000000053
:10515C000000000000000000000000000000000043
:10516C000000000000000000000000000000000033
:10517C000000000000000000000000000000000023
:10518C000000000000000000000000000000000013
:10519C000000000000000000000000000000000003
:1051AC0000000000000000000000000000000000F3
:1051BC0000000000000000000000000000000000E3
:1051CC0000000000000000000000000000000000D3
:1051DC0000000000000000000000000000000000C3
:1051EC0000000000000000000000000000000000B3
:1051FC0000000000000000000000000000000000A3
:10520C000000000000000000000000000000000092
:10521C000000000000000000000000000000000082
:10522C000000000000000000000000000000000072
:10523C000000000000000000000000000000000062
:10524C000000000000000000000000000000000052
:10525C000000000000000000000000000000000042
:10526C000000000000000000000000000000000032
:10527C000000000000000000000000000000000022
:10528C000000000000000000000000000000000012
:10529C000000000000000000000000000000000002
:1052AC0000000000000000000000000000000000F2
:1052BC0000000000000000000000000000000000E2
:1052CC0000000000000000000000000000000000D2
:1052DC0000000000000000000000000000000000C2
:1052EC0000000000000000000000000000000000B2
:1052FC0000000000000000000000000000000000A2
:10530C000000000000000000000000000000000091
:10531C000000000000000000000000000000000081
:10532C000000000000000000000000000000000071
:10533C000000000000000000000000000000000061
:10534C000000000000000000000000000000000051
:10535C000000000000000000000000000000000041
:10536C000000000000000000000000000000000031
:10537C000000000000000000000000000000000021
:10538C000000000000000000000000000000000011
:10539C000000000000000000000000000000000001
:1053AC0000000000000000000000000000000000F1
:1053BC0000000000000000000000000000000000E1
:1053CC0000000000000000000000000000000000D1
:1053DC0000000000000000000000000000000000C1
:1053EC0000000000000000000000000000000000B1
:1053FC0000000000000000000000000000000000A1
:10540C000000000000000000000000000000000090
:10541C000000000000000000000000000000000080
:10542C000000000000000000000000000000000070
:10543C000000000000000000000000000000000060
:10544C000000000000000000000000000000000050
:10545C000000000000000000000000000000000040
:10546C000000000000000000000000000000000030
:10547C000000000000000000000000000000000020
:10548C000000000000000000000000000000000010
:10549C000000000000000000000000000000000000
:1054AC0000000000000000000000000000000000F0
:1054BC0000000000000000000000000000000000E0
:1054CC0000000000000000000000000000000000D0
:1054DC0000000000000000000000000000000000C0
:1054EC0000000000000000000000000000000000B0
:1054FC0000000000000000000000000000000000A0
:10550C00000000000000000000000000000000008F
:10551C00000000000000000000000000000000007F
:10552C00000000000000000000000000000000006F
:10553C00000000000000000000000000000000005F
:10554C00000000000000000000000000000000004F
:10555C00000000000000000000000000000000003F
:10556C00000000000000000000000000000000002F
:10557C00000000000000000000000000000000001F
:10558C00000000000000000000000000000000000F
:10559C0000000000000000000000000000000000FF
:1055AC0000000000000000000000000000000000EF
:1055BC0000000000000000000000000000000000DF
:1055CC0000000000000000000000000000000000CF
:1055DC0000000000000000000000000000000000BF
:1055EC0000000000000000000000000000000000AF
:1055FC00000000000000000000000000000000009F
:10560C00000000000000000000000000000000008E
:10561C00000000000000000000000000000000007E
:10562C00000000000000000000000000000000006E
:10563C00000000000000000000000000000000005E
:10564C00000000000000000000000000000000004E
:10565C00000000000000000000000000000000003E
:10566C00000000000000000000000000000000002E
:10567C00000000000000000000000000000000001E
:10568C00000000000000000000000000000000000E
:10569C0000000000000000000000000000000000FE
:1056AC0000000000000000000000000000000000EE
:1056BC0000000000000000000000000000000000DE
:1056CC0000000000000000000000000000000000CE
:1056DC0000000000000000000000000000000000BE
:1056EC0000000000000000000000000000000000AE
:1056FC00000000000000000000000000000000009E
:10570C00000000000000000000000000000000008D
:10571C00000000000000000000000000000000007D
:10572C00000000000000000000000000000000006D
:10573C00000000000000000000000000000000005D
:10574C00000000000000000000000000000000004D
:10575C00000000000000000000000000000000003D
:10576C00000000000000000000000000000000002D
:10577C00000000000000000000000000000000001D
:10578C00000000000000000000000000000000000D
:10579C0000000000000000000000000000000000FD
:1057AC0000000000000000000000000000000000ED
:1057BC0000000000000000000000000000000000DD
:1057CC0000000000000000000000000000000000CD
:1057DC0000000000000000000000000000000000BD
:1057EC0000000000000000000000000000000000AD
:1057FC00000000000000000000000000000000009D
:10580C00000000000000000000000000000000008C
:10581C00000000000000000000000000000000007C
:10582C00000000000000000000000000000000006C
:10583C00000000000000000000000000000000005C
:10584C00000000000000000000000000000000004C
:10585C00000000000000000000000000000000003C
:10586C00000000000000000000000000000000002C
:10587C00000000000000000000000000000000001C
:10588C00000000000000000000000000000000000C
:10589C0000000000000000000000000000000000FC
:1058AC0000000000000000000000000000000000EC
:1058BC0000000000000000000000000000000000DC
:1058CC0000000000000000000000000000000000CC
:1058DC0000000000000000000000000000000000BC
:1058EC0000000000000000000000000000000000AC
:1058FC00000000000000000000000000000000009C
:10590C00000000000000000000000000000000008B
:10591C00000000000000000000000000000000007B
:10592C00000000000000000000000000000000006B
:10593C00000000000000000000000000000000005B
:10594C00000000000000000000000000000000004B
:10595C00000000000000000000000000000000003B
:10596C00000000000000000000000000000000002B
:10597C00000000000000000000000000000000001B
:10598C00000000000000000000000000000000000B
:10599C0000000000000000000000000000000000FB
:1059AC0000000000000000000000000000000000EB
:1059BC0000000000000000000000000000000000DB
:1059CC0000000000000000000000000000000000CB
:1059DC0000000000000000000000000000000000BB
:1059EC0000000000000000000000000000000000AB
:1059FC00000000000000000000000000000000009B
:105A0C00000000000000000000000000000000008A
:105A1C00000000000000000000000000000000007A
:105A2C00000000000000000000000000000000006A
:105A3C00000000000000000000000000000000005A
:105A4C00000000000000000000000000000000004A
:105A5C00000000000000000000000000000000003A
:105A6C00000000000000000000000000000000002A
:105A7C00000000000000000000000000000000001A
:105A8C00000000000000000000000000000000000A
:105A9C0000000000000000000000000000000000FA
:105AAC0000000000000000000000000000000000EA
:105ABC0000000000000000000000000000000000DA
:105ACC0000000000000000000000000000000000CA
:105ADC0000000000000000000000000000000000BA
:105AEC0000000000000000000000000000000000AA
:105AFC00000000000000000000000000000000009A
:105B0C000000000000000000000000000000000089
:105B1C000000000000000000000000000000000079
:105B2C000000000000000000000000000000000069
:105B3C000000000000000000000000000000000059
:105B4C000000000000000000000000000000000049
:105B5C000000000000000000000000000000000039
:105B6C000000000000000000000000000000000029
:105B7C000000000000000000000000000000000019
:105B8C000000000000000000000000000000000009
:105B9C0000000000000000000000000000000000F9
:105BAC0000000000000000000000000000000000E9
:105BBC0000000000000000000000000000000000D9
:105BCC0000000000000000000000000000000000C9
:105BDC0000000000000000000000000000000000B9
:105BEC0000000000000000000000000000000000A9
:105BFC000000000000000000000000000000000099
:105C0C000000000000000000000000000000000088
:105C1C000000000000000000000000000000000078
:105C2C000000000000000000000000000000000068
:105C3C000000000000000000000000000000000058
:105C4C000000000000000000000000000000000048
:105C5C000000000000000000000000000000000038
:105C6C000000000000000000000000000000000028
:105C7C000000000000000000000000000000000018
:105C8C000000000000000000000000000000000008
:105C9C0000000000000000000000000000000000F8
:105CAC0000000000000000000000000000000000E8
:105CBC0000000000000000000000000000000000D8
:105CCC0000000000000000000000000000000000C8
:105CDC0000000000000000000000000000000000B8
:105CEC0000000000000000000000000000000000A8
:105CFC000000000000000000000000000000000098
:105D0C000000000000000000000000000000000087
:105D1C000000000000000000000000000000000077
:105D2C000000000000000000000000000000000067
:105D3C000000000000000000000000000000000057
:105D4C000000000000000000000000000000000047
:105D5C000000000000000000000000000000000037
:105D6C000000000000000000000000000000000027
:105D7C000000000000000000000000000000000017
:105D8C000000000000000000000000000000000007
:105D9C0000000000000000000000000000000000F7
:105DAC0000000000000000000000000000000000E7
:105DBC0000000000000000000000000000000000D7
:105DCC0000000000000000000000000000000000C7
:105DDC0000000000000000000000000000000000B7
:105DEC0000000000000000000000000000000000A7
:105DFC000000000000000000000000000000000097
:105E0C000000000000000000000000000000000086
:105E1C000000000000000000000000000000000076
:105E2C000000000000000000000000000000000066
:105E3C000000000000000000000000000000000056
:105E4C000000000000000000000000000000000046
:105E5C000000000000000000000000000000000036
:105E6C000000000000000000000000000000000026
:105E7C000000000000000000000000000000000016
:105E8C000000000000000000000000000000000006
:105E9C0000000000000000000000000000000000F6
:105EAC0000000000000000000000000000000000E6
:105EBC0000000000000000000000000000000000D6
:105ECC0000000000000000000000000000000000C6
:105EDC0000000000000000000000000000000000B6
:105EEC0000000000000000000000000000000000A6
:105EFC000000000000000000000000000000000096
:105F0C000000000000000000000000000000000085
:105F1C000000000000000000000000000000000075
:105F2C000000000000000000000000000000000065
:105F3C000000000000000000000000000000000055
:105F4C000000000000000000000000000000000045
:105F5C000000000000000000000000000000000035
:105F6C000000000000000000000000000000000025
:105F7C000000000000000000000000000000000015
:105F8C000000000000000000000000000000000005
:105F9C0000000000000000000000000000000000F5
:105FAC0000000000000000000000000000000000E5
:105FBC0000000000000000000000000000000000D5
:105FCC0000000000000000000000000000000000C5
:105FDC0000000000000000000000000000000000B5
:105FEC0000000000000000000000000000000000A5
:105FFC000000000000000000000000000000000095
:10600C000000000000000000000000000000000084
:10601C000000000000000000000000000000000074
:10602C000000000000000000000000000000000064
:10603C000000000000000000000000000000000054
:10604C000000000000000000000000000000000044
:10605C000000000000000000000000000000000034
:10606C000000000000000000000000000000000024
:10607C000000000000000000000000000000000014
:10608C000000000000000000000000000000000004
:10609C0000000000000000000000000000000000F4
:1060AC0000000000000000000000000000000000E4
:1060BC0000000000000000000000000000000000D4
:1060CC0000000000000000000000000000000000C4
:1060DC0000000000000000000000000000000000B4
:1060EC0000000000000000000000000000000000A4
:1060FC000000000000000000000000000000000094
:10610C000000000000000000000000000000000083
:10611C000000000000000000000000000000000073
:10612C000000000000000000000000000000000063
:10613C000000000000000000000000000000000053
:10614C000000000000000000000000000000000043
:10615C000000000000000000000000000000000033
:10616C000000000000000000000000000000000023
:10617C000000000000000000000000000000000013
:10618C000000000000000000000000000000000003
:10619C0000000000000000000000000000000000F3
:1061AC0000000000000000000000000000000000E3
:1061BC0000000000000000000000000000000000D3
:1061CC0000000000000000000000000000000000C3
:1061DC0000000000000000000000000000000000B3
:1061EC0000000000000000000000000000000000A3
:1061FC000000000000000000000000000000000093
:10620C000000000000000000000000000000000082
:10621C000000000000000000000000000000000072
:10622C000000000000000000000000000000000062
:10623C000000000000000000000000000000000052
:10624C000000000000000000000000000000000042
:10625C000000000000000000000000000000000032
:10626C000000000000000000000000000000000022
:10627C000000000000000000000000000000000012
:10628C000000000000000000000000000000000002
:10629C0000000000000000000000000000000000F2
:1062AC0000000000000000000000000000000000E2
:1062BC0000000000000000000000000000000000D2
:1062CC0000000000000000000000000000000000C2
:1062DC0000000000000000000000000000000000B2
:1062EC0000000000000000000000000000000000A2
:1062FC000000000000000000000000000000000092
:10630C000000000000000000000000000000000081
:10631C000000000000000000000000000000000071
:10632C000000000000000000000000000000000061
:10633C000000000000000000000000000000000051
:10634C000000000000000000000000000000000041
:10635C000000000000000000000000000000000031
:10636C000000000000000000000000000000000021
:10637C000000000000000000000000000000000011
:10638C000000000000000000000000000000000001
:10639C0000000000000000000000000000000000F1
:1063AC0000000000000000000000000000000000E1
:1063BC0000000000000000000000000000000000D1
:1063CC0000000000000000000000000000000000C1
:1063DC0000000000000000000000000000000000B1
:1063EC0000000000000000000000000000000000A1
:1063FC000000000000000000000000000000000091
:10640C000000000000000000000000000000000080
:10641C000000000000000000000000000000000070
:10642C000000000000000000000000000000000060
:10643C000000000000000000000000000000000050
:10644C000000000000000000000000000000000040
:10645C000000000000000000000000000000000030
:10646C000000000000000000000000000000000020
:10647C000000000000000000000000000000000010
:10648C000000000000000000000000000000000000
:10649C0000000000000000000000000000000000F0
:1064AC0000000000000000000000000000000000E0
:1064BC0000000000000000000000000000000000D0
:1064CC0000000000000000000000000000000000C0
:1064DC0000000000000000000000000000000000B0
:1064EC0000000000000000000000000000000000A0
:1064FC000000000000000000000000000000000090
:10650C00000000000000000000000000000000007F
:10651C00000000000000000000000000000000006F
:10652C00000000000000000000000000000000005F
:10653C00000000000000000000000000000000004F
:10654C00000000000000000000000000000000003F
:10655C00000000000000000000000000000000002F
:10656C00000000000000000000000000000000001F
:10657C00000000000000000000000000000000000F
:10658C0000000000000000000000000000000000FF
:10659C0000000000000000000000000000000000EF
:1065AC0000000000000000000000000000000000DF
:1065BC0000000000000000000000000000000000CF
:1065CC0000000000000000000000000000000000BF
:1065DC0000000000000000000000000000000000AF
:1065EC00000000000000000000000000000000009F
:1065FC00000000000000000000000000000000008F
:10660C00000000000000000000000000000000007E
:10661C00000000000000000000000000000000006E
:10662C00000000000000000000000000000000005E
:10663C00000000000000000000000000000000004E
:10664C00000000000000000000000000000000003E
:10665C00000000000000000000000000000000002E
:10666C00000000000000000000000000000000001E
:10667C00000000000000000000000000000000000E
:10668C0000000000000000000000000000000000FE
:10669C0000000000000000000000000000000000EE
:1066AC0000000000000000000000000000000000DE
:1066BC0000000000000000000000000000000000CE
:1066CC0000000000000000000000000000000000BE
:1066DC0000000000000000000000000000000000AE
:1066EC00000000000000000000000000000000009E
:1066FC00000000000000000000000000000000008E
:10670C00000000000000000000000000000000007D
:10671C00000000000000000000000000000000006D
:10672C00000000000000000000000000000000005D
:10673C00000000000000000000000000000000004D
:10674C00000000000000000000000000000000003D
:10675C00000000000000000000000000000000002D
:10676C00000000000000000000000000000000001D
:10677C00000000000000000000000000000000000D
:10678C0000000000000000000000000000000000FD
:10679C0000000000000000000000000000000000ED
:1067AC0000000000000000000000000000000000DD
:1067BC0000000000000000000000000000000000CD
:1067CC0000000000000000000000000000000000BD
:1067DC0000000000000000000000000000000000AD
:1067EC00000000000000000000000000000000009D
:1067FC00000000000000000000000000000000008D
:10680C00000000000000000000000000000000007C
:10681C00000000000000000000000000000000006C
:10682C00000000000000000000000000000000005C
:10683C00000000000000000000000000000000004C
:10684C00000000000000000000000000000000003C
:10685C00000000000000000000000000000000002C
:10686C00000000000000000000000000000000001C
:10687C00000000000000000000000000000000000C
:10688C0000000000000000000000000000000000FC
:10689C0000000000000000000000000000000000EC
:1068AC0000000000000000000000000000000000DC
:1068BC0000000000000000000000000000000000CC
:1068CC0000000000000000000000000000000000BC
:1068DC0000000000000000000000000000000000AC
:1068EC00000000000000000000000000000000009C
:1068FC00000000000000000000000000000000008C
:10690C00000000000000000000000000000000007B
:10691C00000000000000000000000000000000006B
:10692C00000000000000000000000000000000005B
:10693C00000000000000000000000000000000004B
:10694C00000000000000000000000000000000003B
:10695C00000000000000000000000000000000002B
:10696C00000000000000000000000000000000001B
:10697C00000000000000000000000000000000000B
:10698C0000000000000000000000000000000000FB
:10699C0000000000000000000000000000000000EB
:1069AC0000000000000000000000000000000000DB
:1069BC0000000000000000000000000000000000CB
:1069CC0000000000000000000000000000000000BB
:1069DC0000000000000000000000000000000000AB
:1069EC00000000000000000000000000000000009B
:1069FC00000000000000000000000000000000008B
:106A0C00000000000000000000000000000000007A
:106A1C00000000000000000000000000000000006A
:106A2C00000000000000000000000000000000005A
:106A3C00000000000000000000000000000000004A
:106A4C00000000000000000000000000000000003A
:106A5C00000000000000000000000000000000002A
:106A6C00000000000000000000000000000000001A
:106A7C00000000000000000000000000000000000A
:106A8C0000000000000000000000000000000000FA
:106A9C0000000000000000000000000000000000EA
:106AAC0000000000000000000000000000000000DA
:106ABC0000000000000000000000000000000000CA
:106ACC0000000000000000000000000000000000BA
:106ADC0000000000000000000000000000000000AA
:106AEC00000000000000000000000000000000009A
:106AFC00000000000000000000000000000000008A
:106B0C000000000000000000000000000000000079
:106B1C000000000000000000000000000000000069
:106B2C000000000000000000000000000000000059
:106B3C000000000000000000000000000000000049
:106B4C000000000000000000000000000000000039
:106B5C000000000000000000000000000000000029
:106B6C000000000000000000000000000000000019
:106B7C000000000000000000000000000000000009
:106B8C0000000000000000000000000000000000F9
:106B9C0000000000000000000000000000000000E9
:106BAC0000000000000000000000000000000000D9
:106BBC0000000000000000000000000000000000C9
:106BCC0000000000000000000000000000000000B9
:106BDC0000000000000000000000000000000000A9
:106BEC000000000000000000000000000000000099
:106BFC000000000000000000000000000000000089
:106C0C000000000000000000000000000000000078
:106C1C000000000000000000000000000000000068
:106C2C000000000000000000000000000000000058
:106C3C000000000000000000000000000000000048
:106C4C000000000000000000000000000000000038
:106C5C000000000000000000000000000000000028
:106C6C000000000000000000000000000000000018
:106C7C000000000000000000000000000000000008
:106C8C0000000000000000000000000000000000F8
:106C9C0000000000000000000000000000000000E8
:106CAC0000000000000000000000000000000000D8
:106CBC0000000000000000000000000000000000C8
:106CCC0000000000000000000000000000000000B8
:106CDC0000000000000000000000000000000000A8
:106CEC000000000000000000000000000000000098
:106CFC000000000000000000000000000000000088
:106D0C000000000000000000000000000000000077
:106D1C000000000000000000000000000000000067
:106D2C000000000000000000000000000000000057
:106D3C000000000000000000000000000000000047
:106D4C000000000000000000000000000000000037
:106D5C000000000000000000000000000000000027
:106D6C000000000000000000000000000000000017
:106D7C000000000000000000000000000000000007
:106D8C0000000000000000000000000000000000F7
:106D9C0000000000000000000000000000000000E7
:106DAC0000000000000000000000000000000000D7
:106DBC0000000000000000000000000000000000C7
:106DCC0000000000000000000000000000000000B7
:106DDC0000000000000000000000000000000000A7
:106DEC000000000000000000000000000000000097
:106DFC000000000000000000000000000000000087
:106E0C000000000000000000000000000000000076
:106E1C000000000000000000000000000000000066
:106E2C000000000000000000000000000000000056
:106E3C000000000000000000000000000000000046
:106E4C000000000000000000000000000000000036
:106E5C000000000000000000000000000000000026
:106E6C000000000000000000000000000000000016
:106E7C000000000000000000000000000000000006
:106E8C0000000000000000000000000000000000F6
:106E9C0000000000000000000000000000000000E6
:106EAC0000000000000000000000000000000000D6
:106EBC0000000000000000000000000000000000C6
:106ECC0000000000000000000000000000000000B6
:106EDC0000000000000000000000000000000000A6
:106EEC000000000000000000000000000000000096
:106EFC000000000000000000000000000000000086
:106F0C000000000000000000000000000000000075
:106F1C000000000000000000000000000000000065
:106F2C000000000000000000000000000000000055
:106F3C000000000000000000000000000000000045
:106F4C000000000000000000000000000000000035
:106F5C000000000000000000000000000000000025
:106F6C000000000000000000000000000000000015
:106F7C000000000000000000000000000000000005
:106F8C0000000000000000000000000000000000F5
:106F9C0000000000000000000000000000000000E5
:106FAC0000000000000000000000000000000000D5
:106FBC0000000000000000000000000000000000C5
:106FCC0000000000000000000000000000000000B5
:106FDC0000000000000000000000000000000000A5
:106FEC000000000000000000000000000000000095
:106FFC000000000000000000000000000000000085
:10700C000000000000000000000000000000000074
:10701C000000000000000000000000000000000064
:10702C000000000000000000000000000000000054
:10703C000000000000000000000000000000000044
:10704C000000000000000000000000000000000034
:10705C000000000000000000000000000000000024
:10706C000000000000000000000000000000000014
:10707C000000000000000000000000000000000004
:10708C0000000000000000000000000000000000F4
:10709C0000000000000000000000000000000000E4
:1070AC0000000000000000000000000000000000D4
:1070BC0000000000000000000000000000000000C4
:1070CC0000000000000000000000000000000000B4
:1070DC0000000000000000000000000000000000A4
:1070EC000000000000000000000000000000000094
:1070FC000000000000000000000000000000000084
:10710C000000000000000000000000000000000073
:10711C000000000000000000000000000000000063
:10712C000000000000000000000000000000000053
:10713C000000000000000000000000000000000043
:10714C000000000000000000000000000000000033
:10715C000000000000000000000000000000000023
:10716C000000000000000000000000000000000013
:10717C000000000000000000000000000000000003
:10718C0000000000000000000000000000000000F3
:10719C0000000000000000000000000000000000E3
:1071AC0000000000000000000000000000000000D3
:1071BC0000000000000000000000000000000000C3
:1071CC0000000000000000000000000000000000B3
:1071DC0000000000000000000000000000000000A3
:1071EC000000000000000000000000000000000093
:1071FC000000000000000000000000000000000083
:10720C000000000000000000000000000000000072
:10721C000000000000000000000000000000000062
:10722C000000000000000000000000000000000052
:10723C000000000000000000000000000000000042
:10724C000000000000000000000000000000000032
:10725C000000000000000000000000000000000022
:10726C000000000000000000000000000000000012
:10727C000000000000000000000000000000000002
:10728C0000000000000000000000000000000000F2
:10729C0000000000000000000000000000000000E2
:1072AC0000000000000000000000000000000000D2
:1072BC0000000000000000000000000000000000C2
:1072CC0000000000000000000000000000000000B2
:1072DC0000000000000000000000000000000000A2
:1072EC000000000000000000000000000000000092
:1072FC000000000000000000000000000000000082
:10730C000000000000000000000000000000000071
:10731C000000000000000000000000000000000061
:10732C000000000000000000000000000000000051
:10733C000000000000000000000000000000000041
:10734C000000000000000000000000000000000031
:10735C000000000000000000000000000000000021
:10736C000000000000000000000000000000000011
:10737C000000000000000000000000000000000001
:10738C0000000000000000000000000000000000F1
:10739C0000000000000000000000000000000000E1
:1073AC0000000000000000000000000000000000D1
:1073BC0000000000000000000000000000000000C1
:1073CC0000000000000000000000000000000000B1
:1073DC0000000000000000000000000000000000A1
:1073EC000000000000000000000000000000000091
:1073FC000000000000000000000000000000000081
:10740C000000000000000000000000000000000070
:10741C000000000000000000000000000000000060
:10742C000000000000000000000000000000000050
:10743C000000000000000000000000000000000040
:10744C000000000000000000000000000000000030
:10745C000000000000000000000000000000000020
:10746C000000000000000000000000000000000010
:10747C000000000000000000000000000000000000
:10748C0000000000000000000000000000000000F0
:10749C0000000000000000000000000000000000E0
:1074AC0000000000000000000000000000000000D0
:1074BC0000000000000000000000000000000000C0
:1074CC0000000000000000000000000000000000B0
:1074DC0000000000000000000000000000000000A0
:1074EC000000000000000000000000000000000090
:1074FC000000000000000000000000000000000080
:10750C00000000000000000000000000000000006F
:10751C00000000000000000000000000000000005F
:10752C00000000000000000000000000000000004F
:10753C00000000000000000000000000000000003F
:10754C00000000000000000000000000000000002F
:10755C00000000000000000000000000000000001F
:10756C00000000000000000000000000000000000F
:10757C0000000000000000000000000000000000FF
:10758C0000000000000000000000000000000000EF
:10759C0000000000000000000000000000000000DF
:1075AC0000000000000000000000000000000000CF
:1075BC0000000000000000000000000000000000BF
:1075CC0000000000000000000000000000000000AF
:1075DC00000000000000000000000000000000009F
:1075EC00000000000000000000000000000000008F
:1075FC00000000000000000000000000000000007F
:10760C00000000000000000000000000000000006E
:10761C00000000000000000000000000000000005E
:10762C00000000000000000000000000000000004E
:10763C00000000000000000000000000000000003E
:10764C00000000000000000000000000000000002E
:10765C00000000000000000000000000000000001E
:10766C00000000000000000000000000000000000E
:10767C0000000000000000000000000000000000FE
:10768C0000000000000000000000000000000000EE
:10769C0000000000000000000000000000000000DE
:1076AC0000000000000000000000000000000000CE
:1076BC0000000000000000000000000000000000BE
:1076CC0000000000000000000000000000000000AE
:1076DC00000000000000000000000000000000009E
:1076EC00000000000000000000000000000000008E
:1076FC00000000000000000000000000000000007E
:10770C00000000000000000000000000000000006D
:10771C00000000000000000000000000000000005D
:10772C00000000000000000000000000000000004D
:10773C00000000000000000000000000000000003D
:10774C00000000000000000000000000000000002D
:10775C00000000000000000000000000000000001D
:10776C00000000000000000000000000000000000D
:10777C0000000000000000000000000000000000FD
:10778C0000000000000000000000000000000000ED
:10779C0000000000000000000000000000000000DD
:1077AC0000000000000000000000000000000000CD
:1077BC0000000000000000000000000000000000BD
:1077CC0000000000000000000000000000000000AD
:1077DC00000000000000000000000000000000009D
:1077EC00000000000000000000000000000000008D
:1077FC00000000000000000000000000000000007D
:10780C00000000000000000000000000000000006C
:10781C00000000000000000000000000000000005C
:10782C00000000000000000000000000000000004C
:10783C00000000000000000000000000000000003C
:10784C00000000000000000000000000000000002C
:10785C00000000000000000000000000000000001C
:10786C00000000000000000000000000000000000C
:10787C0000000000000000000000000000000000FC
:10788C0000000000000000000000000000000000EC
:10789C0000000000000000000000000000000000DC
:1078AC0000000000000000000000000000000000CC
:1078BC0000000000000000000000000000000000BC
:1078CC0000000000000000000000000000000000AC
:1078DC00000000000000000000000000000000009C
:1078EC00000000000000000000000000000000008C
:1078FC00000000000000000000000000000000007C
:10790C00000000000000000000000000000000006B
:10791C00000000000000000000000000000000005B
:10792C00000000000000000000000000000000004B
:10793C00000000000000000000000000000000003B
:10794C00000000000000000000000000000000002B
:10795C00000000000000000000000000000000001B
:10796C00000000000000000000000000000000000B
:10797C0000000000000000000000000000000000FB
:10798C0000000000000000000000000000000000EB
:10799C0000000000000000000000000000000000DB
:1079AC0000000000000000000000000000000000CB
:1079BC0000000000000000000000000000000000BB
:1079CC0000000000000000000000000000000000AB
:1079DC00000000000000000000000000000000009B
:1079EC00000000000000000000000000000000008B
:1079FC00000000000000000000000000000000007B
:107A0C00000000000000000000000000000000006A
:107A1C00000000000000000000000000000000005A
:107A2C00000000000000000000000000000000004A
:107A3C00000000000000000000000000000000003A
:107A4C00000000000000000000000000000000002A
:107A5C00000000000000000000000000000000001A
:107A6C00000000000000000000000000000000000A
:107A7C0000000000000000000000000000000000FA
:107A8C0000000000000000000000000000000000EA
:107A9C0000000000000000000000000000000000DA
:107AAC0000000000000000000000000000000000CA
:107ABC0000000000000000000000000000000000BA
:107ACC0000000000000000000000000000000000AA
:107ADC00000000000000000000000000000000009A
:107AEC00000000000000000000000000000000008A
:107AFC00000000000000000000000000000000007A
:107B0C000000000000000000000000000000000069
:107B1C000000000000000000000000000000000059
:107B2C000000000000000000000000000000000049
:107B3C000000000000000000000000000000000039
:107B4C000000000000000000000000000000000029
:107B5C000000000000000000000000000000000019
:107B6C000000000000000000000000000000000009
:107B7C0000000000000000000000000000000000F9
:107B8C0000000000000000000000000000000000E9
:107B9C0000000000000000000000000000000000D9
:107BAC0000000000000000000000000000000000C9
:107BBC0000000000000000000000000000000000B9
:107BCC0000000000000000000000000000000000A9
:107BDC000000000000000000000000000000000099
:107BEC000000000000000000000000000000000089
:107BFC000000000000000000000000000000000079
:107C0C000000000000000000000000000000000068
:107C1C000000000000000000000000000000000058
:107C2C000000000000000000000000000000000048
:107C3C000000000000000000000000000000000038
:107C4C000000000000000000000000000000000028
:107C5C000000000000000000000000000000000018
:107C6C000000000000000000000000000000000008
:107C7C0000000000000000000000000000000000F8
:107C8C0000000000000000000000000000000000E8
:107C9C0000000000000000000000000000000000D8
:107CAC0000000000000000000000000000000000C8
:107CBC0000000000000000000000000000000000B8
:107CCC0000000000000000000000000000000000A8
:107CDC000000000000000000000000000000000098
:107CEC000000000000000000000000000000000088
:107CFC000000000000000000000000000000000078
:107D0C000000000000000000000000000000000067
:107D1C000000000000000000000000000000000057
:107D2C000000000000000000000000000000000047
:107D3C000000000000000000000000000000000037
:107D4C000000000000000000000000000000000027
:107D5C000000000000000000000000000000000017
:107D6C000000000000000000000000000000000007
:107D7C0000000000000000000000000000000000F7
:107D8C0000000000000000000000000000000000E7
:107D9C0000000000000000000000000000000000D7
:107DAC0000000000000000000000000000000000C7
:107DBC0000000000000000000000000000000000B7
:107DCC0000000000000000000000000000000000A7
:107DDC000000000000000000000000000000000097
:107DEC000000000000000000000000000000000087
:107DFC000000000000000000000000000000000077
:107E0C000000000000000000000000000000000066
:107E1C000000000000000000000000000000000056
:107E2C000000000000000000000000000000000046
:107E3C000000000000000000000000000000000036
:107E4C000000000000000000000000000000000026
:107E5C000000000000000000000000000000000016
:107E6C000000000000000000000000000000000006
:107E7C0000000000000000000000000000000000F6
:107E8C0000000000000000000000000000000000E6
:107E9C0000000000000000000000000000000000D6
:107EAC0000000000000000000000000000000000C6
:107EBC0000000000000000000000000000000000B6
:107ECC0000000000000000000000000000000000A6
:107EDC000000000000000000000000000000000096
:107EEC000000000000000000000000000000000086
:107EFC000000000000000000000000000000000076
:107F0C000000000000000000000000000000000065
:107F1C000000000000000000000000000000000055
:107F2C000000000000000000000000000000000045
:107F3C000000000000000000000000000000000035
:107F4C000000000000000000000000000000000025
:107F5C000000000000000000000000000000000015
:107F6C000000000000000000000000000000000005
:107F7C0000000000000000000000000000000000F5
:107F8C0000000000000000000000000000000000E5
:107F9C0000000000000000000000000000000000D5
:107FAC0000000000000000000000000000000000C5
:107FBC0000000000000000000000000000000000B5
:107FCC0000000000000000000000000000000000A5
:107FDC000000000000000000000000000000000095
:107FEC000000000000000000000000000000000085
:107FFC000000000000000000000000000000000075
:10800C000000000000000000000000000000000064
:10801C000000000000000000000000000000000054
:10802C000000000000000000000000000000000044
:10803C000000000000000000000000000000000034
:10804C000000000000000000000000000000000024
:10805C000000000000000000000000000000000014
:10806C000000000000000000000000000000000004
:10807C0000000000000000000000000000000000F4
:10808C0000000000000000000000000000000000E4
:10809C0000000000000000000000000000000000D4
:1080AC0000000000000000000000000000000000C4
:1080BC0000000000000000000000000000000000B4
:1080CC0000000000000000000000000000000000A4
:1080DC000000000000000000000000000000000094
:1080EC000000000000000000000000000000000084
:1080FC000000000000000000000000000000000074
:10810C000000000000000000000000000000000063
:10811C000000000000000000000000000000000053
:10812C000000000000000000000000000000000043
:10813C000000000000000000000000000000000033
:10814C000000000000000000000000000000000023
:10815C000000000000000000000000000000000013
:10816C000000000000000000000000000000000003
:10817C0000000000000000000000000000000000F3
:10818C0000000000000000000000000000000000E3
:10819C0000000000000000000000000000000000D3
:1081AC0000000000000000000000000000000000C3
:1081BC0000000000000000000000000000000000B3
:1081CC0000000000000000000000000000000000A3
:1081DC000000000000000000000000000000000093
:1081EC000000000000000000000000000000000083
:1081FC000000000000000000000000000000000073
:10820C000000000000000000000000000000000062
:10821C000000000000000000000000000000000052
:10822C000000000000000000000000000000000042
:10823C000000000000000000000000000000000032
:10824C000000000000000000000000000000000022
:10825C000000000000000000000000000000000012
:10826C000000000000000000000000000000000002
:10827C0000000000000000000000000000000000F2
:10828C0000000000000000000000000000000000E2
:10829C0000000000000000000000000000000000D2
:1082AC0000000000000000000000000000000000C2
:1082BC0000000000000000000000000000000000B2
:1082CC0000000000000000000000000000000000A2
:1082DC000000000000000000000000000000000092
:1082EC000000000000000000000000000000000082
:1082FC000000000000000000000000000000000072
:10830C000000000000000000000000000000000061
:10831C000000000000000000000000000000000051
:10832C000000000000000000000000000000000041
:10833C000000000000000000000000000000000031
:10834C000000000000000000000000000000000021
:10835C000000000000000000000000000000000011
:10836C000000000000000000000000000000000001
:10837C0000000000000000000000000000000000F1
:10838C0000000000000000000000000000000000E1
:10839C0000000000000000000000000000000000D1
:1083AC0000000000000000000000000000000000C1
:1083BC0000000000000000000000000000000000B1
:1083CC0000000000000000000000000000000000A1
:1083DC000000000000000000000000000000000091
:1083EC000000000000000000000000000000000081
:1083FC000000000000000000000000000000000071
:10840C000000000000000000000000000000000060
:10841C000000000000000000000000000000000050
:10842C000000000000000000000000000000000040
:10843C000000000000000000000000000000000030
:10844C000000000000000000000000000000000020
:10845C000000000000000000000000000000000010
:10846C000000000000000000000000000000000000
:10847C0000000000000000000000000000000000F0
:10848C0000000000000000000000000000000000E0
:10849C0000000000000000000000000000000000D0
:1084AC0000000000000000000000000000000000C0
:1084BC0000000000000000000000000000000000B0
:1084CC0000000000000000000000000000000000A0
:1084DC000000000000000000000000000000000090
:1084EC000000000000000000000000000000000080
:1084FC000000000000000000000000000000000070
:10850C00000000000000000000000000000000005F
:10851C00000000000000000000000000000000004F
:10852C00000000000000000000000000000000003F
:10853C00000000000000000000000000000000002F
:10854C00000000000000000000000000000000001F
:10855C00000000000000000000000000000000000F
:10856C0000000000000000000000000000000000FF
:10857C0000000000000000000000000000000000EF
:10858C0000000000000000000000000000000000DF
:10859C0000000000000000000000000000000000CF
:1085AC0000000000000000000000000000000000BF
:1085BC0000000000000000000000000000000000AF
:1085CC00000000000000000000000000000000009F
:1085DC00000000000000000000000000000000008F
:1085EC00000000000000000000000000000000007F
:1085FC00000000000000000000000000000000006F
:10860C00000000000000000000000000000000005E
:10861C00000000000000000000000000000000004E
:10862C00000000000000000000000000000000003E
:10863C00000000000000000000000000000000002E
:10864C00000000000000000000000000000000001E
:10865C00000000000000000000000000000000000E
:10866C0000000000000000000000000000000000FE
:10867C0000000000000000000000000000000000EE
:10868C0000000000000000000000000000000000DE
:10869C0000000000000000000000000000000000CE
:1086AC0000000000000000000000000000000000BE
:1086BC0000000000000000000000000000000000AE
:1086CC00000000000000000000000000000000009E
:1086DC00000000000000000000000000000000008E
:1086EC00000000000000000000000000000000007E
:1086FC00000000000000000000000000000000006E
:10870C00000000000000000000000000000000005D
:10871C00000000000000000000000000000000004D
:10872C00000000000000000000000000000000003D
:10873C00000000000000000000000000000000002D
:10874C00000000000000000000000000000000001D
:10875C00000000000000000000000000000000000D
:10876C0000000000000000000000000000000000FD
:10877C0000000000000000000000000000000000ED
:10878C0000000000000000000000000000000000DD
:10879C0000000000000000000000000000000000CD
:1087AC0000000000000000000000000000000000BD
:1087BC0000000000000000000000000000000000AD
:1087CC00000000000000000000000000000000009D
:1087DC00000000000000000000000000000000008D
:1087EC00000000000000000000000000000000007D
:1087FC00000000000000000000000000000000006D
:10880C00000000000000000000000000000000005C
:10881C00000000000000000000000000000000004C
:10882C00000000000000000000000000000000003C
:10883C00000000000000000000000000000000002C
:10884C00000000000000000000000000000000001C
:10885C00000000000000000000000000000000000C
:10886C0000000000000000000000000000000000FC
:10887C0000000000000000000000000000000000EC
:10888C0000000000000000000000000000000000DC
:10889C0000000000000000000000000000000000CC
:1088AC0000000000000000000000000000000000BC
:1088BC0000000000000000000000000000000000AC
:1088CC00000000000000000000000000000000009C
:1088DC00000000000000000000000000000000008C
:1088EC00000000000000000000000000000000007C
:1088FC00000000000000000000000000000000006C
:10890C00000000000000000000000000000000005B
:10891C00000000000000000000000000000000004B
:10892C00000000000000000000000000000000003B
:10893C00000000000000000000000000000000002B
:10894C00000000000000000000000000000000001B
:10895C00000000000000000000000000000000000B
:10896C0000000000000000000000000000000000FB
:10897C0000000000000000000000000000000000EB
:10898C0000000000000000000000000000000000DB
:10899C0000000000000000000000000000000000CB
:1089AC0000000000000000000000000000000000BB
:1089BC0000000000000000000000000000000000AB
:1089CC00000000000000000000000000000000009B
:1089DC00000000000000000000000000000000008B
:1089EC00000000000000000000000000000000007B
:1089FC00000000000000000000000000000000006B
:108A0C00000000000000000000000000000000005A
:108A1C00000000000000000000000000000000004A
:108A2C00000000000000000000000000000000003A
:108A3C00000000000000000000000000000000002A
:108A4C00000000000000000000000000000000001A
:108A5C00000000000000000000000000000000000A
:108A6C0000000000000000000000000000000000FA
:108A7C0000000000000000000000000000000000EA
:108A8C0000000000000000000000000000000000DA
:108A9C0000000000000000000000000000000000CA
:108AAC0000000000000000000000000000000000BA
:108ABC0000000000000000000000000000000000AA
:108ACC00000000000000000000000000000000009A
:108ADC00000000000000000000000000000000008A
:108AEC00000000000000000000000000000000007A
:108AFC00000000000000000000000000000000006A
:108B0C000000000000000000000000000000000059
:108B1C000000000000000000000000000000000049
:108B2C000000000000000000000000000000000039
:108B3C000000000000000000000000000000000029
:108B4C000000000000000000000000000000000019
:108B5C000000000000000000000000000000000009
:108B6C0000000000000000000000000000000000F9
:108B7C0000000000000000000000000000000000E9
:108B8C0000000000000000000000000000000000D9
:108B9C0000000000000000000000000000000000C9
:108BAC0000000000000000000000000000000000B9
:108BBC0000000000000000000000000000000000A9
:108BCC000000000000000000000000000000000099
:108BDC000000000000000000000000000000000089
:108BEC000000000000000000000000000000000079
:108BFC000000000000000000000000000000000069
:108C0C000000000000000000000000000000000058
:108C1C000000000000000000000000000000000048
:108C2C000000000000000000000000000000000038
:108C3C000000000000000000000000000000000028
:108C4C000000000000000000000000000000000018
:108C5C000000000000000000000000000000000008
:108C6C0000000000000000000000000000000000F8
:108C7C0000000000000000000000000000000000E8
:108C8C0000000000000000000000000000000000D8
:108C9C0000000000000000000000000000000000C8
:108CAC0000000000000000000000000000000000B8
:108CBC0000000000000000000000000000000000A8
:108CCC000000000000000000000000000000000098
:108CDC000000000000000000000000000000000088
:108CEC000000000000000000000000000000000078
:108CFC000000000000000000000000000000000068
:108D0C000000000000000000000000000000000057
:108D1C000000000000000000000000000000000047
:108D2C000000000000000000000000000000000037
:108D3C000000000000000000000000000000000027
:108D4C000000000000000000000000000000000017
:108D5C000000000000000000000000000000000007
:108D6C0000000000000000000000000000000000F7
:108D7C0000000000000000000000000000000000E7
:108D8C0000000000000000000000000000000000D7
:108D9C0000000000000000000000000000000000C7
:108DAC0000000000000000000000000000000000B7
:108DBC0000000000000000000000000000000000A7
:108DCC000000000000000000000000000000000097
:108DDC000000000000000000000000000000000087
:108DEC000000000000000000000000000000000077
:108DFC000000000000000000000000000000000067
:108E0C000000000000000000000000000000000056
:108E1C000000000000000000000000000000000046
:108E2C000000000000000000000000000000000036
:108E3C000000000000000000000000000000000026
:108E4C000000000000000000000000000000000016
:108E5C000000000000000000000000000000000006
:108E6C0000000000000000000000000000000000F6
:108E7C0000000000000000000000000000000000E6
:108E8C0000000000000000000000000000000000D6
:108E9C0000000000000000000000000000000000C6
:108EAC0000000000000000000000000000000000B6
:108EBC0000000000000000000000000000000000A6
:108ECC000000000000000000000000000000000096
:108EDC000000000000000000000000000000000086
:108EEC000000000000000000000000000000000076
:108EFC000000000000000000000000000000000066
:108F0C000000000000000000000000000000000055
:108F1C000000000000000000000000000000000045
:108F2C000000000000000000000000000000000035
:108F3C000000000000000000000000000000000025
:108F4C000000000000000000000000000000000015
:108F5C000000000000000000000000000000000005
:108F6C0000000000000000000000000000000000F5
:108F7C0000000000000000000000000000000000E5
:108F8C0000000000000000000000000000000000D5
:108F9C0000000000000000000000000000000000C5
:108FAC0000000000000000000000000000000000B5
:108FBC0000000000000000000000000000000000A5
:108FCC000000000000000000000000000000000095
:108FDC000000000000000000000000000000000085
:108FEC000000000000000000000000000000000075
:108FFC000000000000000000000000000000000065
:10900C000000000000000000000000000000000054
:10901C000000000000000000000000000000000044
:10902C000000000000000000000000000000000034
:10903C000000000000000000000000000000000024
:10904C000000000000000000000000000000000014
:10905C000000000000000000000000000000000004
:10906C0000000000000000000000000000000000F4
:10907C0000000000000000000000000000000000E4
:10908C0000000000000000000000000000000000D4
:10909C0000000000000000000000000000000000C4
:1090AC0000000000000000000000000000000000B4
:1090BC0000000000000000000000000000000000A4
:1090CC000000000000000000000000000000000094
:1090DC000000000000000000000000000000000084
:1090EC000000000000000000000000000000000074
:1090FC000000000000000000000000000000000064
:10910C000000000000000000000000000000000053
:10911C000000000000000000000000000000000043
:10912C000000000000000000000000000000000033
:10913C000000000000000000000000000000000023
:10914C000000000000000000000000000000000013
:10915C000000000000000000000000000000000003
:10916C0000000000000000000000000000000000F3
:10917C0000000000000000000000000000000000E3
:10918C0000000000000000000000000000000000D3
:10919C0000000000000000000000000000000000C3
:1091AC0000000000000000000000000000000000B3
:1091BC0000000000000000000000000000000000A3
:1091CC000000000000000000000000000000000093
:1091DC000000000000000000000000000000000083
:1091EC000000000000000000000000000000000073
:1091FC000000000000000000000000000000000063
:10920C000000000000000000000000000000000052
:10921C000000000000000000000000000000000042
:10922C000000000000000000000000000000000032
:10923C000000000000000000000000000000000022
:10924C000000000000000000000000000000000012
:10925C000000000000000000000000000000000002
:10926C0000000000000000000000000000000000F2
:10927C0000000000000000000000000000000000E2
:10928C0000000000000000000000000000000000D2
:10929C0000000000000000000000000000000000C2
:1092AC0000000000000000000000000000000000B2
:1092BC0000000000000000000000000000000000A2
:1092CC000000000000000000000000000000000092
:1092DC000000000000000000000000000000000082
:1092EC000000000000000000000000000000000072
:1092FC000000000000000000000000000000000062
:10930C000000000000000000000000000000000051
:10931C000000000000000000000000000000000041
:10932C000000000000000000000000000000000031
:10933C000000000000000000000000000000000021
:10934C000000000000000000000000000000000011
:10935C000000000000000000000000000000000001
:10936C0000000000000000000000000000000000F1
:10937C0000000000000000000000000000000000E1
:10938C0000000000000000000000000000000000D1
:10939C0000000000000000000000000000000000C1
:1093AC0000000000000000000000000000000000B1
:1093BC0000000000000000000000000000000000A1
:1093CC000000000000000000000000000000000091
:1093DC000000000000000000000000000000000081
:1093EC000000000000000000000000000000000071
:1093FC000000000000000000000000000000000061
:10940C000000000000000000000000000000000050
:10941C000000000000000000000000000000000040
:10942C000000000000000000000000000000000030
:10943C000000000000000000000000000000000020
:10944C000000000000000000000000000000000010
:10945C000000000000000000000000000000000000
:10946C0000000000000000000000000000000000F0
:10947C0000000000000000000000000000000000E0
:10948C0000000000000000000000000000000000D0
:10949C0000000000000000000000000000000000C0
:1094AC0000000000000000000000000000000000B0
:1094BC0000000000000000000000000000000000A0
:1094CC000000000000000000000000000000000090
:1094DC000000000000000000000000000000000080
:1094EC000000000000000000000000000000000070
:1094FC000000000000000000000000000000000060
:10950C00000000000000000000000000000000004F
:10951C00000000000000000000000000000000003F
:10952C00000000000000000000000000000000002F
:10953C00000000000000000000000000000000001F
:10954C00000000000000000000000000000000000F
:10955C0000000000000000000000000000000000FF
:10956C0000000000000000000000000000000000EF
:10957C0000000000000000000000000000000000DF
:10958C0000000000000000000000000000000000CF
:10959C0000000000000000000000000000000000BF
:1095AC0000000000000000000000000000000000AF
:1095BC00000000000000000000000000000000009F
:1095CC00000000000000000000000000000000008F
:1095DC00000000000000000000000000000000007F
:1095EC00000000000000000000000000000000006F
:1095FC00000000000000000000000000000000005F
:10960C00000000000000000000000000000000004E
:10961C00000000000000000000000000000000003E
:10962C00000000000000000000000000000000002E
:10963C00000000000000000000000000000000001E
:10964C00000000000000000000000000000000000E
:10965C0000000000000000000000000000000000FE
:10966C0000000000000000000000000000000000EE
:10967C0000000000000000000000000000000000DE
:10968C0000000000000000000000000000000000CE
:10969C0000000000000000000000000000000000BE
:1096AC0000000000000000000000000000000000AE
:1096BC00000000000000000000000000000000009E
:1096CC00000000000000000000000000000000008E
:1096DC00000000000000000000000000000000007E
:1096EC00000000000000000000000000000000006E
:1096FC00000000000000000000000000000000005E
:10970C00000000000000000000000000000000004D
:10971C00000000000000000000000000000000003D
:10972C00000000000000000000000000000000002D
:10973C00000000000000000000000000000000001D
:10974C00000000000000000000000000000000000D
:10975C0000000000000000000000000000000000FD
:10976C0000000000000000000000000000000000ED
:10977C0000000000000000000000000000000000DD
:10978C0000000000000000000000000000000000CD
:10979C0000000000000000000000000000000000BD
:1097AC0000000000000000000000000000000000AD
:1097BC00000000000000000000000000000000009D
:1097CC00000000000000000000000000000000008D
:1097DC00000000000000000000000000000000007D
:1097EC00000000000000000000000000000000006D
:1097FC00000000000000000000000000000000005D
:10980C00000000000000000000000000000000004C
:10981C00000000000000000000000000000000003C
:10982C00000000000000000000000000000000002C
:10983C00000000000000000000000000000000001C
:10984C00000000000000000000000000000000000C
:10985C0000000000000000000000000000000000FC
:10986C0000000000000000000000000000000000EC
:10987C0000000000000000000000000000000000DC
:10988C0000000000000000000000000000000000CC
:10989C0000000000000000000000000000000000BC
:1098AC0000000000000000000000000000000000AC
:1098BC00000000000000000000000000000000009C
:1098CC00000000000000000000000000000000008C
:1098DC00000000000000000000000000000000007C
:1098EC00000000000000000000000000000000006C
:1098FC00000000000000000000000000000000005C
:10990C00000000000000000000000000000000004B
:10991C00000000000000000000000000000000003B
:10992C00000000000000000000000000000000002B
:10993C00000000000000000000000000000000001B
:10994C00000000000000000000000000000000000B
:10995C0000000000000000000000000000000000FB
:10996C0000000000000000000000000000000000EB
:10997C0000000000000000000000000000000000DB
:10998C0000000000000000000000000000000000CB
:10999C0000000000000000000000000000000000BB
:1099AC0000000000000000000000000000000000AB
:1099BC00000000000000000000000000000000009B
:1099CC00000000000000000000000000000000008B
:1099DC00000000000000000000000000000000007B
:1099EC00000000000000000000000000000000006B
:1099FC00000000000000000000000000000000005B
:109A0C00000000000000000000000000000000004A
:109A1C00000000000000000000000000000000003A
:109A2C00000000000000000000000000000000002A
:109A3C00000000000000000000000000000000001A
:109A4C00000000000000000000000000000000000A
:109A5C0000000000000000000000000000000000FA
:109A6C0000000000000000000000000000000000EA
:109A7C0000000000000000000000000000000000DA
:109A8C0000000000000000000000000000000000CA
:109A9C0000000000000000000000000000000000BA
:109AAC0000000000000000000000000000000000AA
:109ABC00000000000000000000000000000000009A
:109ACC00000000000000000000000000000000008A
:109ADC00000000000000000000000000000000007A
:109AEC00000000000000000000000000000000006A
:109AFC00000000000000000000000000000000005A
:109B0C000000000000000000000000000000000049
:109B1C000000000000000000000000000000000039
:109B2C000000000000000000000000000000000029
:109B3C000000000000000000000000000000000019
:109B4C000000000000000000000000000000000009
:109B5C0000000000000000000000000000000000F9
:109B6C0000000000000000000000000000000000E9
:109B7C0000000000000000000000000000000000D9
:109B8C0000000000000000000000000000000000C9
:109B9C0000000000000000000000000000000000B9
:109BAC0000000000000000000000000000000000A9
:109BBC000000000000000000000000000000000099
:109BCC000000000000000000000000000000000089
:109BDC000000000000000000000000000000000079
:109BEC000000000000000000000000000000000069
:109BFC000000000000000000000000000000000059
:109C0C000000000000000000000000000000000048
:109C1C000000000000000000000000000000000038
:109C2C000000000000000000000000000000000028
:109C3C000000000000000000000000000000000018
:109C4C000000000000000000000000000000000008
:109C5C0000000000000000000000000000000000F8
:109C6C0000000000000000000000000000000000E8
:109C7C0000000000000000000000000000000000D8
:109C8C0000000000000000000000000000000000C8
:109C9C0000000000000000000000000000000000B8
:109CAC0000000000000000000000000000000000A8
:109CBC000000000000000000000000000000000098
:109CCC000000000000000000000000000000000088
:109CDC000000000000000000000000000000000078
:109CEC000000000000000000000000000000000068
:109CFC000000000000000000000000000000000058
:109D0C000000000000000000000000000000000047
:109D1C000000000000000000000000000000000037
:109D2C000000000000000000000000000000000027
:109D3C000000000000000000000000000000000017
:109D4C000000000000000000000000000000000007
:109D5C0000000000000000000000000000000000F7
:109D6C0000000000000000000000000000000000E7
:109D7C0000000000000000000000000000000000D7
:109D8C0000000000000000000000000000000000C7
:109D9C0000000000000000000000000000000000B7
:109DAC0000000000000000000000000000000000A7
:109DBC000000000000000000000000000000000097
:109DCC000000000000000000000000000000000087
:109DDC000000000000000000000000000000000077
:109DEC000000000000000000000000000000000067
:109DFC000000000000000000000000000000000057
:109E0C000000000000000000000000000000000046
:109E1C000000000000000000000000000000000036
:109E2C000000000000000000000000000000000026
:109E3C000000000000000000000000000000000016
:109E4C000000000000000000000000000000000006
:109E5C0000000000000000000000000000000000F6
:109E6C0000000000000000000000000000000000E6
:109E7C0000000000000000000000000000000000D6
:109E8C0000000000000000000000000000000000C6
:109E9C0000000000000000000000000000000000B6
:109EAC0000000000000000000000000000000000A6
:109EBC000000000000000000000000000000000096
:109ECC000000000000000000000000000000000086
:109EDC000000000000000000000000000000000076
:109EEC000000000000000000000000000000000066
:109EFC000000000000000000000000000000000056
:109F0C000000000000000000000000000000000045
:109F1C000000000000000000000000000000000035
:109F2C000000000000000000000000000000000025
:109F3C000000000000000000000000000000000015
:109F4C000000000000000000000000000000000005
:109F5C0000000000000000000000000000000000F5
:109F6C0000000000000000000000000000000000E5
:109F7C0000000000000000000000000000000000D5
:109F8C0000000000000000000000000000000000C5
:109F9C0000000000000000000000000000000000B5
:109FAC0000000000000000000000000000000000A5
:109FBC000000000000000000000000000000000095
:109FCC000000000000000000000000000000000085
:109FDC000000000000000000000000000000000075
:109FEC000000000000000000000000000000000065
:109FFC000000000000000000000000000000000055
:10A00C000000000000000000000000000000000044
:10A01C000000000000000000000000000000000034
:10A02C000000000000000000000000000000000024
:10A03C000000000000000000000000000000000014
:10A04C000000000000000000000000000000000004
:10A05C0000000000000000000000000000000000F4
:10A06C0000000000000000000000000000000000E4
:10A07C0000000000000000000000000000000000D4
:10A08C0000000000000000000000000000000000C4
:10A09C0000000000000000000000000000000000B4
:10A0AC0000000000000000000000000000000000A4
:10A0BC000000000000000000000000000000000094
:10A0CC000000000000000000000000000000000084
:10A0DC000000000000000000000000000000000074
:10A0EC000000000000000000000000000000000064
:10A0FC000000000000000000000000000000000054
:10A10C000000000000000000000000000000000043
:10A11C000000000000000000000000000000000033
:10A12C000000000000000000000000000000000023
:10A13C000000000000000000000000000000000013
:10A14C000000000000000000000000000000000003
:10A15C0000000000000000000000000000000000F3
:10A16C0000000000000000000000000000000000E3
:10A17C0000000000000000000000000000000000D3
:10A18C0000000000000000000000000000000000C3
:10A19C0000000000000000000000000000000000B3
:10A1AC0000000000000000000000000000000000A3
:10A1BC000000000000000000000000000000000093
:10A1CC000000000000000000000000000000000083
:10A1DC000000000000000000000000000000000073
:10A1EC000000000000000000000000000000000063
:10A1FC000000000000000000000000000000000053
:10A20C000000000000000000000000000000000042
:10A21C000000000000000000000000000000000032
:10A22C000000000000000000000000000000000022
:10A23C000000000000000000000000000000000012
:10A24C000000000000000000000000000000000002
:10A25C0000000000000000000000000000000000F2
:10A26C0000000000000000000000000000000000E2
:10A27C0000000000000000000000000000000000D2
:10A28C0000000000000000000000000000000000C2
:10A29C0000000000000000000000000000000000B2
:10A2AC0000000000000000000000000000000000A2
:10A2BC000000000000000000000000000000000092
:10A2CC000000000000000000000000000000000082
:10A2DC000000000000000000000000000000000072
:10A2EC000000000000000000000000000000000062
:10A2FC000000000000000000000000000000000052
:10A30C000000000000000000000000000000000041
:10A31C000000000000000000000000000000000031
:10A32C000000000000000000000000000000000021
:10A33C000000000000000000000000000000000011
:10A34C000000000000000000000000000000000001
:10A35C0000000000000000000000000000000000F1
:10A36C0000000000000000000000000000000000E1
:10A37C0000000000000000000000000000000000D1
:10A38C0000000000000000000000000000000000C1
:10A39C0000000000000000000000000000000000B1
:10A3AC0000000000000000000000000000000000A1
:10A3BC000000000000000000000000000000000091
:10A3CC000000000000000000000000000000000081
:10A3DC000000000000000000000000000000000071
:10A3EC000000000000000000000000000000000061
:10A3FC000000000000000000000000000000000051
:10A40C000000000000000000000000000000000040
:10A41C000000000000000000000000000000000030
:10A42C000000000000000000000000000000000020
:10A43C000000000000000000000000000000000010
:10A44C000000000000000000000000000000000000
:10A45C0000000000000000000000000000000000F0
:10A46C0000000000000000000000000000000000E0
:10A47C0000000000000000000000000000000000D0
:10A48C0000000000000000000000000000000000C0
:10A49C0000000000000000000000000000000000B0
:10A4AC0000000000000000000000000000000000A0
:10A4BC000000000000000000000000000000000090
:10A4CC000000000000000000000000000000000080
:10A4DC000000000000000000000000000000000070
:10A4EC000000000000000000000000000000000060
:00000001FF
