:040000006F20401A13
:1000040000000000000000006F2060166F20401602
:1000140011BFF9F70000000000000000000000001C
:1000240000000000000000000000000000000000CC
:100034006F202014000000006F20C0130000000097
:100044006F2060136F00F05D6F2020136F2000138A
:100054006F00B05C6F00D0656F20A0126F2080121B
:100064006F2060126F10B0686F2020126F20001292
:100074006F00300E6F20C0116F20A0116F2080110F
:100084006F2060116F2040116F2020116F2000112C
:100094006F20E010000000000000000000000000DD
:1000A400000000000000000000000000000000004C
:0C00B40000000000000000000000000040
:1000C000B78700401307001498C34947D8C3375770
:1000D0004C00130717B4B786004011A03DCB9C4AD3
:1000E0007D17918BE5FF23AE060623AC060623A6FB
:1000F000060823A4060823AE060823AC060823A698
:10010000060A23A4060A23AE060A23AC060A23A67F
:10011000060C23A4060C23AE060C23AC060C23A667
:10012000060E23A4060ECD47DCD2B7070300938743
:1001300017029CD2B7C7100023A806069387D7C71B
:100140009CC69C42014593E727009CC28947DCC2BC
:100150008280054582804545828093178501E1872D
:100160001D8963CC0700C1673395A700B78700409E
:10017000B85B81CD3A95A8DB8280B7070001339543
:10018000A700B7870040B85BF5F51345F5FF798DFB
:10019000A8DB8280B787004088DF8280B787004075
:1001A0002147D8D3985311C5B7060800369798D37E
:1001B0008280B706F8FFFD16758F98D38280B787C7
:1001C00000409387870712053E951C4113D707010E
:1001D0002310F6007D8BF5832380E500858B23803B
:1001E000F6008280B78700409387870712053E9507
:1001F0001C414206EA054D8E5D8E10C18280B78794
:1002000000409387870712053E951C413707E0039E
:10021000F98F1CC18280B78700409387870712053A
:100220003E951C41860785831CC18280B7870040AC
:100230009387870712053E9508416181137505086C
:100240008280B78700409387C70712053E95C20694
:100250006A061C41D18E1377F77FD98EF205CD8EB9
:10026000DD8E14C18280B78700409387C7071205CF
:100270003E951C41860785831CC18280B78700405C
:100280009387C70712053E951C413707E003F98F96
:100290001CC18280B78700409387C70712053E952F
:1002A00008416181137505088280B78700409387F4
:1002B000C70712053E95084141817D898280937769
:1002C000F50062058A079A056185CD8F63480500B0
:1002D00093E71700378700407CC3828093E737009D
:1002E000378700407CC38280378700401C536205FB
:1002F000A207A1831CD31C535D8D08D38280B786CF
:100300000040DC4237870040F19B5D8DC8C21C4B2A
:10031000918BF5FF8280B78700408853618182808E
:10032000B7870040A85F1375F57F8280411122C412
:10033000378400405C5006C6858BC9C75C50585056
:10034000A18331839D8B058BA5E379EB3C5C1397EF
:100350001700635B070E232C040678587458B70700
:1003600002203E97B69783C707000344070093F720
:10037000070663900710EF00700662046184C1678E
:10038000634004121387F7FF630EE512630505143B
:10039000130700206366A70437870040B7060104EF
:1003A00034DF85077CC32DA8FD178A0739E7370797
:1003B0000020130787012244BA97B24003A3C70164
:1003C000410102835C50898B85C33C4C1307000AB2
:1003D00093F7071E638EE702B78700400947D8D31B
:1003E000B2402244410182805C50A18BF5DB085869
:1003F000EF10405FA1475CD0E5B737070020130737
:1004000087012244BA97B24003A307004101028347
:100410009307002C3CC423260404232804046DBF46
:10042000EF00501783A6C184850623A6D18421E559
:1004300023A60184B70701147CDCB70701043CDC68
:10044000930710047CC069BF3C5C13972700635975
:100450000700EF00901B232E0406232C040649B747
:10046000EF00701AB70701043CDC930710047CC04E
:1004700085BF7D2519B7232C04067C5C03A7C184A6
:10048000B70620EC938606C05607F58FD98FC98F23
:1004900037070114D98F7CDC930710047CC089B71F
:1004A000FD176301F50205C993070020E3EAA7F2EF
:1004B00037070114B7870040598DE8DF1307100490
:1004C000F8C339BFB787004037070108F8DF1307C3
:1004D0001004F8C331B7B787004037070104B8DF0D
:1004E00013071004F8C3EDBD3D432A876373C302AD
:1004F0009377F700BDEFADE5937606FF3D8ABA9698
:100500000CC34CC30CC74CC74107E36BD7FE11E2C9
:100510008280B306C3408A069702000096966780E1
:10052000A6002307B700A306B7002306B700A3055C
:10053000B7002305B700A304B7002304B700A30343
:10054000B7002303B700A302B7002302B700A3013B
:10055000B7002301B700A300B7002300B7008280D3
:1005600093F5F50F93968500D58D93960501D58D5E
:1005700061B7939627009702000096968682E780DF
:1005800086FA9680C1171D8F3E96E374C3F8A5B70F
:10059000B7D7F00893870718B3D7A702294537378D
:1005A000004085462307D7409507B3D7A702C20767
:1005B000C1832316F740930770FC2301F7408D4752
:1005C000A301F74093070004A300F740B7170040CA
:1005D000F84F13670718F8CFB84313670710B8C36D
:1005E0008280B7170040B843B7162000938606A054
:1005F000558FB8C3B84F856693860680558FB8CFA0
:10060000B84313670740B8C38280411106C6D13F83
:10061000B767004003C707001377270F2380E70061
:1006200003C70700136717002380E70003C707000D
:10063000136787002380E70003C707001377F707D6
:100640002380E70003C707001377F70B2380E70039
:1006500003C707001377F70D2380E70003C73700B0
:1006600013670702A381E70003C73700136737004A
:10067000A381E70003C737001377B70FA381E70013
:1006800003C737001377770EA381E70003C717006E
:100690001377770EA380E70003C7270013671700BF
:1006A0002381E70003C72700136747002381E70082
:1006B00003C72700136727002381E70003C727002C
:1006C000136747002381E70023A007023757022062
:1006D00023A2070213070720D8C337670220130796
:1006E0000720D8C705677D17239AE700239CE700FA
:1006F00003C7170013673700A380E700B240B7E7CE
:1007000000E03707001023A0E710410182805D71EF
:10071000A6C2B7142707138504E086C6A2C4CAC0C0
:100720004EDE52DC56DA5AD85ED662D466D2EF106C
:10073000B030138504E0EF101051716513050520EA
:10074000813D3714004083451400374500001305F0
:100750008583EF10D06537450000938504E01305CD
:100760000585EF10D0643745000013054586EF106E
:10077000F07589450565EF10D03BA1451165EF1077
:10078000503BA1452165EF10D03A7C441167D98FC9
:100790007CC47C442167D98F7CC4371700407C43DC
:1007A00093963701E3DD06FE13054006EF10704E09
:1007B000371700407C4393963701E3DD06FE37454B
:1007C000000013050587EF10707081351305400692
:1007D000EF10304CB797004023A0070037071000F8
:1007E000B7E700E023A0E7103707200023A0E710B9
:1007F0003707020023A0E7103755FE03B727004054
:1008000005472381E7001305056CEF10B04D054542
:10081000152C37590220B787004013090920B76902
:10082000022023A827099389092023A03709B78A22
:1008300000409304900F37140040116BA385018290
:1008400011468545094523A82A09693A9145094574
:10085000BD3402C2924763D8F40C83C7B18293F7C8
:10086000F70FE5DF02C4A24763D3F40C3C443D47D5
:1008700093869182B3E767013CC49387918223807A
:1008800007009387818223800700B7670040238495
:10089000E70203C7170013674700A380E70002C6FB
:1008A00013878182B24763D8F40883C7060093F7A1
:1008B000F70FE5DF7C44B3E767017CC402C8C24799
:1008C00063DFF4063C44A166D58F3CC48347070030
:1008D00093F7F70FE5DF7C442167D98F7CC402CA08
:1008E000D24763D2F4062385018213070040914664
:1008F00005468545054523A03A09A13291451305D2
:100900001008753A02CCE24763D3F40483C7A1828E
:1009100093F7F70FE5DF02CEF247E3C1F4F2F247B7
:1009200085073ECED5BF924785073EC225B7A24771
:1009300085073EC40DBFB24785073EC6A5B7C2476F
:1009400085073EC8ADBFD24785073ECA51BFE247C3
:1009500085073ECC4DBF411122C626C44AC24EC0B7
:10096000B767004003C78702058B19CB054723846F
:10097000E702A384E1823757022013070720D8C378
:10098000B767004003C78702098B3DCB0947238423
:10099000E70283C79702898B95CB37450000130583
:1009A000058037640220EF10705213040420814444
:1009B000B7490000130900401040A6851385C9807F
:1009C0008504EF10D03E1104E39824FFB767004080
:1009D00083C79702918B99C7374500001305C581DE
:1009E000EF10D04E3767004083479702998B89EB11
:1009F00085462384D182B7670220938707205CC78E
:100A00003767004083478702918B91CB91473745E9
:100A100000002304F7021305C582EF10304B324467
:100A2000A24412498249410173002030B7E700E037
:100A30004147B443B8C305473315A70023A0A718FF
:100A4000B4C38280411106C655C1EFF06FE701C9FA
:100A500037450000130545A5EF10504701A0416739
:100A6000B78700407D17B8DB370702201307070060
:100A7000F8DB375802203747022023A0E708130885
:100A800008203745022023AA070913050520B7359A
:100A9000022023A0A70A938505203726022023A839
:100AA000B70A13060620B716022023A0C70C9386A8
:100AB00006203707022023A8D70C13070720B768A2
:100AC000022023A0E70E9388082023A2170923A859
:100AD000070923A2A70A23AAB70A23A2C70C23AA9D
:100AE000D70C23A2E70EB240410182800945EFF006
:100AF0001F81B78700401307800298C34D47D8C3B2
:100B000023A40700194798D3F9BF4111014506C630
:100B1000153F5145EF10F017B240054541011DB793
:100B200001113705022022CC1307050006CE26CA84
:100B30004AC84EC652C456C20346170083566700C1
:100B40002388C18223A6D1828945938701836318B4
:100B5000B6068345470015466393C5069307E0082C
:100B60001384C1820347070063F3D7001CC091655B
:100B700004409386058B23AAD18293060020268900
:100B8000138A4183938A058B63F49600130900202E
:100B90009317870193190901E18793D9090163DC50
:100BA00007004A869385058B13050500CA9AEF1046
:100BB000B01423205A01B384244104C031A07D57CE
:100BC000C1692380E700FD19F24062444E85D2449A
:100BD0004249B249224A924A056182800111370591
:100BE000022022CC06CE26CA4AC84EC652C456C2DD
:100BF0009305050083C7150003D765009386C1825E
:100C00002388F18298C21948138601831384C18214
:100C100063830707930805006364F80205470149E9
:100C20006389E702638207160D476384E70215476D
:100C30006387E714FD5741692300F6007D1911A869
:100C40002D4701496387E700636FF7002547E3936A
:100C5000E7FEF24062444A85D2444249B249224A00
:100C6000924A05618280130700030149E383E7FE8E
:100C70001307100375BF83C6350009489384418369
:100C8000638E06076369D80085476384F602FD57C3
:100C90002300F6003DA08D47638BF606BD47E39821
:100CA000F6FED94763F3E7001CC091679387478836
:100CB00001A8C94763F3E7001CC09167938787A029
:100CC0009CC0032A040093070020D28963F44701E3
:100CD0009309002083AA0400139909014E86330A60
:100CE0003A41D68513050500D699EF10F000135947
:100CF00009012320440123A03401A1BF9307800CE4
:100D000063F3E7001CC091679387079455BF83C7BF
:100D1000250063840705636DF8008DCB8546E39855
:100D2000D7F6A14763F3E7001CC09387C18049BF92
:100D3000638ED7029306E00EE39BD7F4C94763F3B3
:100D4000E7001CC091679387C7899DBF914763F3F4
:100D5000E7001CC093878180A5B79307600263F307
:100D6000E7001CC091679387C7A199BFD94763F378
:100D7000E7001CC0B70700209387070091B783C71F
:100D8000280001491CC0F1B52390E50023A006000E
:100D90000949C1B503C70183011156C206CE22CC51
:100DA00026CA4AC84EC652C49947814A6313F704FB
:100DB00083A4C18213070020138AC182268463742E
:100DC0009700130400201389418383290900370504
:100DD0000220931A04012286818CCE85130505001A
:100DE0004E94EF10607193DA0A0123209A002320B9
:100DF0008900F24062445685D2444249B249224AAF
:100E0000924A056182800145828003C7018395472C
:100E10006316F70003A5C1826FF00FCD8280EFF05B
:100E2000EFD073002030411122C6B727004005479C
:100E30002383E7009387118303C7070085466394E4
:100E4000E602514523800700D5365545C536014594
:100E5000D53E37450000130545A4EF103007324456
:100E600041017300203013841183834704000D4730
:100E70006305F70251455D3E55454D3E0145D93666
:100E8000B797004023A0070037070002B7E700E04C
:100E900023A0E7100545EF00504585472300F400E7
:100EA0003724004023010400454549368947230083
:100EB000F40075B7411122C6378400405C44139793
:100EC0003701635A0700930720141CC00145EFF057
:100ED0000FC385675CC4B7870040D847058B31C70F
:100EE0000547D8C7138781838346070093F6F60F1B
:100EF00081CE93060028B4C7B70602009106F4C756
:100F000023A80704230007000D474545A388E18275
:100F1000313EB727004009472380E700654523811C
:100F2000070029360145EF00503C378700405C47F9
:100F3000918B91C791475CC70945EFF04FBC37874C
:100F400000405C47A18B85CFA1475CC701450547A1
:100F5000A388E182C53C5145D13CB72700400947F1
:100F60002380E700238107004545C934B7E700E047
:100F70003707000223A0E7100545EF001037B787B9
:100F80000040D8479316B70063D806003707100013
:100F9000D8C70945EFF0AFB6378400405C4493F7FB
:100FA000074099CF930700405CC41C48858B638A37
:100FB00007180945EFF0AFB45C400567D98F5CC0F6
:100FC000B7860040D8468567938707807D8F01CB21
:100FD0000546238CC182DCC60145EFF04FB2378451
:100FE00000405C4413972701635B070289675CC478
:100FF0000945EFF0CFB0113E0145EFF0EFAE5C4098
:1010000093E707105CC0B7870040984B098B75FFCA
:10101000D84309451377F7EFD8C3EF10E04437847E
:1010200000405C44139707016357070C1C503707B7
:1010300000808146D98F1CD0A1675CC4014701465E
:1010400081450545232E0406EFF0AF9F01478146F9
:10105000014681450945EFF0CF9E01478146014693
:1010600081450D45EFF0EF9D0147814601468145E1
:101070001145EFF00F9D0147814601468145154519
:10108000EFF02F9C01478146014681451945EFF05D
:101090004F9B01478146014681451D45EFF06F9A00
:1010A000014681450545EFF0EF930146814509452D
:1010B000EFF04F93014681450D45EFF0AF920146A9
:1010C00081451145EFF00F92014681451545EFF03E
:1010D0006F91014681451945EFF0CF90014681455A
:1010E0001D45EFF02F900145EFF00FA05C404177D8
:1010F0007D17F98F5CC0378400405C4493F7070488
:1011000099C70545EFF0AF9F930700045CC437848F
:1011100000405C4493F7070299C70945EFF02F9E02
:10112000930700025CC4378400405C44C18B91C7C4
:101130000945EFF0CF9CC1475CC4324441017300C4
:1011400020301305007D23240400EF10E031753AB0
:1011500085BD4111054506C6EFF02F9511E90545FE
:10116000EFF0CF9105472385E182B24041018280B3
:1011700005476313E502EFF06F90854513070040C4
:10118000854605460545EFF0CF8B8545B2401305F2
:10119000100841016FF0AF920947631FE500054554
:1011A000EFF0CF8D8545130700408946054605457C
:1011B000EFF02F898945D9BF0D47E318E5FA0545BA
:1011C000EFF0CF8B8545130700408D46054605455A
:1011D000EFF02F878D455DBF4111094506C6EFF041
:1011E000CF8C1DE9B757022093870720378700402F
:1011F000232AF7080945EFF06F888545130700405B
:10120000914605460945EFF0CF839145B24013055D
:10121000200841016FF0AF8A0547631FE5000945CB
:10122000EFF0CF8585451307004085460546094503
:10123000EFF02F818545D9BF0947631EE500EFF028
:10124000EF83854513070040894605460945EFE0D1
:101250005FFF894565BF0D47631FE5000945EFF056
:10126000EF818545130700408D4605460945EFE0AF
:101270005FFD8D4561BFB2404101828041110D4546
:1012800006C6EFF08F821DE5B7470220938707203F
:10129000378700402320F70A0D45EFE03FFE8545E4
:1012A0000D451146EFE01FF491450D45B240410157
:1012B0006FF0EF8005476311E5020D45EFE01FFC7D
:1012C000854513070040854605460D45EFE07FF74D
:1012D000854513053008D9BF0947631FE5000D4553
:1012E000EFE0DFF9854513070040894605460D45C7
:1012F000EFE03FF58945F1BF0D47631EE500EFE0E4
:10130000FFF78545130700408D4605460D45EFE084
:101310005FF38D457DBFB24041018280411111458F
:1013200006C6EFE09FF81DE5B73702209387072038
:10133000378700402328F70A1145EFE03FF4854541
:1013400011451146EFE01FEA91451145B2404101B8
:101350006FE0FFF685476311F5021145EFE01FF2DC
:10136000854513070040854605461145EFE07FEDB2
:10137000854513054008D9BF8947631FF50011450E
:10138000EFE0DFEF8545130700408946054611452C
:10139000EFE03FEB8945F1BF8D47631FF500114535
:1013A000EFE0DFED8545130700408D46054611450A
:1013B000EFE03FE98D4575BFB240410182804111A8
:1013C000154506C6EFE07FEE1DE5B727022093879F
:1013D0000720378700402320F70C1545EFE01FEA70
:1013E000854515451146EFE0FFDF91451545B240B3
:1013F00041016FE0DFEC85476311F5021545EFE031
:10140000FFE7854513070040854605461545EFE093
:101410005FE3854513055008D9BF8947631FF50071
:101420001545EFE0BFE585451307004089460546B1
:101430001545EFE01FE18945F1BF8D47631FF500BA
:101440001545EFE0BFE38545130700408D4605468F
:101450001545EFE01FDF8D4575BFB2404101828029
:101460004111194506C6EFE05FE41DE5B7170220FC
:1014700093870720378700402328F70C1945EFE0B2
:10148000FFDF854519451146EFE0DFD59145194548
:10149000B24041016FE0BFE285476311F502194593
:1014A000EFE0DFDD85451307004085460546194519
:1014B000EFE03FD9854513056008D9BF8947631F11
:1014C000F5001945EFE09FDB85451307004089468D
:1014D00005461945EFE0FFD68945F1BF8D47631FEB
:1014E000F5001945EFE09FD98545130700408D466B
:1014F00005461945EFE0FFD48D4575BFB240410167
:10150000828041111D4506C6EFE03FDA1DE5B707B1
:10151000022093870720378700402320F70E1D45C0
:10152000EFE0DFD585451D451146EFE0BFCB914586
:101530001D45B24041016FE09FD885476311F50218
:101540001D45EFE0BFD3854513070040854605469E
:101550001D45EFE01FCF854513057008D9BF8947AA
:10156000631FF5001D45EFE07FD18545130700405F
:10157000894605461D45EFE0DFCC8945F1BF8D4723
:10158000631FF5001D45EFE07FCF85451307004041
:101590008D4605461D45EFE0DFCA8D4575BFB2405B
:1015A0004101828001119306D1001306E1006C0015
:1015B000054506CEEFE0BFC08347C10085EF054576
:1015C000EFE0FFC3B767022093870720378700400B
:1015D0002322F70885450545130700409146054637
:1015E000EFE03FC6914513051008EFE05FCDF240F4
:1015F000056182800547639DE7000545EFE03FC038
:10160000854505460545EFE0FFBD85450545F1BF2C
:101610000947639CE7000545EFE07FBE8545094625
:101620000545EFE03FBC8945D5B70D47E391E7FCA1
:101630000545EFE0DFBC85450D460545EFE09FBA67
:101640008D45E9B701119306D1001306E1006C0046
:10165000094506CEEFE0BFB68347C10091EB0945CF
:10166000EFE0FFB90547A385E182F2400561828082
:101670000547639FE7000945EFE07FB885450546CC
:101680000945EFE03FB685450945EFE05FC3F1BF8F
:101690000947639CE7000945EFE07FB685450946A9
:1016A0000945EFE03FB48945C5B70D47E39FE7FA29
:1016B0000945EFE0DFB485450D460945EFE09FB2EF
:1016C0008D45D9B701119306D1001306E1006C00D6
:1016D0000D4506CEEFE0BFAE8347C10085EF0D4557
:1016E000EFE0FFB1B747022093870720378700401C
:1016F0002322F70A85450D4513070040914605460C
:10170000EFE03FB4914513053008EFE05FBBF240D6
:10171000056182800547639DE7000D45EFE03FAE20
:10172000854505460D45EFE0FFAB85450D45F1BF0D
:101730000947639CE7000D45EFE07FAC854509460E
:101740000D45EFE03FAA8945D5B70D47E391E7FC8A
:101750000D45EFE0DFAA85450D460D45EFE09FA85A
:101760008D45E9B701119306D1001306E1006C0025
:10177000114506CEEFE0BFA48347C10085EF1145B8
:10178000EFE0FFA7B7370220938707203787004095
:10179000232AF70A8545114513070040914605465F
:1017A000EFE03FAA914513054008EFE05FB1F2403A
:1017B000056182800547639DE7001145EFE03FA486
:1017C000854505461145EFE0FFA185451145F1BF6F
:1017D0000947639CE7001145EFE07FA28545094674
:1017E0001145EFE03FA08945D5B70D47E391E7FCF0
:1017F0001145EFE0DFA085450D461145EFE09F9EC6
:101800008D45E9B701119306D1001306E1006C0084
:10181000154506CEEFE0BF9A8347C10085EF154519
:10182000EFE0FF9DB727022093870720378700400E
:101830002322F70C854515451307004091460546C0
:10184000EFE03FA0914513055008EFE05FA7F2409D
:10185000056182800547639DE7001545EFE03F9AEB
:10186000854505461545EFE0FF9785451545F1BFD0
:101870000947639CE7001545EFE07F9885450946D9
:101880001545EFE03F968945D5B70D47E391E7FC55
:101890001545EFE0DF9685450D461545EFE09F9431
:1018A0008D45E9B701119306D1001306E1006C00E4
:1018B000194506CEEFE0BF908347C10085EF19457B
:1018C000EFE0FF93B7170220938707203787004088
:1018D000232AF70C85451945130700409146054614
:1018E000EFE03F96914513056008EFE05F9DF24001
:1018F000056182800547639DE7001945EFE03F9051
:10190000854505461945EFE0FF8D85451945F1BF31
:101910000947639CE7001945EFE07F8E854509463E
:101920001945EFE03F8C8945D5B70D47E391E7FCBA
:101930001945EFE0DF8C85450D461945EFE09F8A9C
:101940008D45E9B701119306D1001306E1006C0043
:101950001D4506CEEFE0BF868347C10085EF1D45DC
:10196000EFE0FF89B7070220938707203787004001
:101970002322F70E85451D45130700409146054675
:10198000EFE03F8C914513057008EFE05F93F24064
:10199000056182800547639DE7001D45EFE03F86B6
:1019A000854505461D45EFE0FF8385451D45F1BF93
:1019B0000947639CE7001D45EFE07F8485450946A4
:1019C0001D45EFE03F828945D5B70D47E391E7FC20
:1019D0001D45EFE0DF8285450D461D45EFE09F8008
:1019E0008D45E9B78280B79700401307C0FC238874
:1019F000E700A388E7002389E7003147A389E700D0
:101A0000130700042398E70493060020239AD704C1
:101A1000239CD704239ED7042390D7062392D7066E
:101A20002394D706370702202396D706130707000B
:101A3000D8CB3767022013070720D8DB98CF37575A
:101A400002201307072098DFD8CF3747022013075B
:101A50000720D8DF98D33737022013070720B8C3F1
:101A6000D8D33727022013070720F8C398D7371792
:101A7000022013070720B8C7D8D73707022013075B
:101A80000720F8C798DB2398070623890706A38950
:101A900007060947239A0706238BE706A38B070649
:101AA000239CD706238D0706A38D0706239E0706D2
:101AB000238FE706A38FE706239007082381E70813
:101AC000A381E708239207082383E708A383E70895
:101AD000239407082385E708A385E70823960708CA
:101AE0002387E708A387E7088280B797004001CDE6
:101AF00023800700130790032380E7001307700279
:101B00002381E700CDB519472380E70082800111CA
:101B100022CC9387A18306CE26CA4AC84EC62390FC
:101B2000070083C7C183370502202D4793F7F70FBE
:101B3000834605001384A1836367F70211678A0750
:101B4000130707A6BA979C4382879307050083D79C
:101B50002700094613D78700630DC7046367E600B3
:101B600085476305F702FD5791A08D45630FB704C4
:101B7000BD47E31AF7FE9167938707A923A2F18473
:101B80001387E18303560700D94719A89167938704
:101B9000C7B123A2F1841387E18303560700C94725
:101BA00063E6C70083570700C207C1832310F40010
:101BB0003DA09167938787AA23A2F1841387E183CD
:101BC0000356070093074007E1BF93F7F70F8545DA
:101BD0006389B708ADCF6380C70AE396E7F8035778
:101BE0000400C167FD178144638BE7048357040039
:101BF000C207C183A9C7835704001307F0039304E6
:101C000000046366F70083540400C204C180E20646
:101C1000E18663DF06001389418483290900268653
:101C200013050500CE85A699EF00100D232039017C
:101C300083570400858FC207C1832310F400F2404C
:101C4000624426854249D244B24905618280938725
:101C5000418123A2F1841387E18303560700914752
:101C600081B79387818123A2F1841387E18303568F
:101C70000700A14735B79167938707B323A2F18483
:101C80001387E183035607009307600211BF930790
:101C9000050003D72700A38EE18491B783C7E185B0
:101CA0002300F500854719B7379700408347870021
:101CB0008D8B9DE3B7070020130700042398E70AE4
:101CC00013070500035727009387C1852381E70089
:101CD00005472382E70021B78347870009478D8B9B
:101CE000E390E7FEB70700202147C9BF93F7F6014D
:101CF0000947639DE7041307050003474700630B8B
:101D0000F70263EAE7008547E31FF7E4B79700406F
:101D1000A38B0706E9B5130610086302C702130672
:101D20002008E312C7E437970040231C0706230D61
:101D3000F70675B5B7970040238D07064DB5379761
:101D40000040231A0706230BF70651BDE39D07E069
:101D50009307050003C727008547E312F7E8938739
:101D6000C18503C73700799BA381E7008DBD13F7B9
:101D7000F601E30A07DE8947E317F7DE930705005C
:101D800003D62700E31106DE83C74700638FE7020F
:101D9000636EF7000547E398E7DC37970040834719
:101DA000770793E73700A30BF70615BD1307100855
:101DB0006386E70213072008E397E7DA37970040C6
:101DC0008347A70793E737009DB7379700408347BE
:101DD000B70793E73700A30DF70611B53797004013
:101DE0008347670793E73700B9BF89472310F4009B
:101DF0009307050083D74700231005001307100839
:101E0000639CE700B797004083C767070D478D8B3A
:101E1000E397E7DC854769B50547639DE70037979A
:101E20000040034777070D460D8BE31AC7DA2300FE
:101E3000F500ADBB13062008639FC700B7970040AD
:101E400083C7A7078D8B0D46E39BC7D82300E5000A
:101E50002310E40069B30946E393C7D8B79700405D
:101E600083C7B707C5B783C7C183011106CE22CC8C
:101E700026CA4AC84EC693F7F70F15476383E7068D
:101E8000194701446397E7049387A18383D7070029
:101E90001307F0039384A183130400046366F7001F
:101EA00003D404004204418013894184832909003A
:101EB000370502202286CE8513050500352D83D7F0
:101EC0000400A29923203901818FC207C183239086
:101ED000F4002285F2406244D2444249B24905618D
:101EE000828003C7D185B79700400144A381E700F2
:101EF000CDB7411122C6379400408347A40093F721
:101F0000F70F13F7070235C7B707022003C707000B
:101F10009387070003C617002380E184238EC182C4
:101F200083D6670013770706239FD182014505EB0F
:101F3000EFF0FFBDC167FD176313F5022318040618
:101F40008D472309F406A309F406B7970040130749
:101F500000022385E7003244410173002030B79727
:101F600000402398A70621472389E706A389E706AF
:101F7000E9BF13F72700630B07180347B400834733
:101F8000B40085463D8B91838D8B630ED70A01CBC0
:101F900089466305D712B797004009475DBF0947D7
:101FA000639BE702C93509E9A147A309F406231891
:101FB000040623090406C5B72318A406834724078B
:101FC00093C787002309F4068347240793F7C70FB5
:101FD0002309F406C9B7E1F39386A1830357C4002C
:101FE00083D606009387A1836372D7040357C40086
:101FF00083D60700420741833387E6404207418387
:102000002390E70083D70700C207C1839DC3B7971A
:10201000004003C7370713478700A389E70603C7B4
:1020200037071377C70FA389E706B5B703D70700AC
:10203000C1B7B79700402398070621472389E706D1
:10204000A389070689BF0947639FE702231A04068D
:102050008347640793C78700230BF406834764070D
:1020600093F7C70F93E72700230BF4068347740702
:1020700093C78700A30BF4068347740793F7C70F32
:10208000A30BF40609BF81FB0357C4008347740701
:10209000420793F7C70F93E72700A30BF406B76730
:1020A0000220938707205CD84183231AE4068347E4
:1020B000640793F7C70F230BF406F1BD6394E7029F
:1020C000B7570220938707201CDC8347A40793C7D8
:1020D0008700230DF4068347A40793F7C70F230D4A
:1020E000F40655BDE39907EAB75702209387072006
:1020F0005CCC8347B40793C78700A30DF4068347DE
:10210000B40793F7C70FA30DF40671B513F71700C3
:1021100031CBEFF05F8D8547A30104002305F40068
:1021200083C71183054793F7F70FE396E7E237E795
:1021300000E0B70610002320D710B70620002320A8
:10214000D710B70602002320D7103755FE033727D4
:1021500000402301F7001305056C69260545EFE0F3
:102160007F8ED5BB918BE38807DE91472305F40072
:10217000DDB301A001A001A001A001A001A001A068
:1021800001A001A001A001A001A001A001A001A047
:1021900001A001A001A001A001A001A001A001A037
:1021A00001A001A097E1FF1F9381C17017210020BA
:1021B000130141E5172500001305C5A697E5FF1F8C
:1021C000938545E41386818263FAC5008322050066
:1021D00023A0550011059105E3EAC5FE1385818210
:1021E000938581866377B500232005001105E36D93
:1021F000B5FE17E501201305E5E097E5012093857D
:1022000065E06377B500232005001105E36DB5FE99
:102210009302800873A0023097E2FFFF9382C2DE30
:1022200093E212007390523097E2FFFF9382624E66
:102230007390123473002030B7470F009387072440
:102240003355F5029307C0031375F50F630CF508BA
:1022500063EDA700BD476303F504F9476303F50683
:10226000B7170040238007008280930700066308A9
:10227000F508930780076301F50A93070005E3114A
:10228000F5FEB7170040130770052380E70013071A
:1022900080FA2380E7001307600481A0B71700408D
:1022A000130770052380E700130780FA2380E700F7
:1022B000130720042384E700130700F82385E700B1
:1022C00045B7B7170040130770052380E7001307D1
:1022D00080FA2380E700130700042384E700130734
:1022E00020F8E9BFB7170040130770052380E70007
:1022F000130780FA2380E70013078004F9BFB7179C
:102300000040130770052380E700130780FA23803D
:10231000E70013075004D1B7B71700401307700543
:102320002380E700130780FA2380E70013074004A7
:102330006DB7A94763E6B7029167938787B58A05AA
:10234000BE959C418287B7170040F84B1345F5FFB7
:10235000698FF8CBB84B698FB8CBB843798DA8C3D8
:102360008280B7170040F44F1347F5FFF98EF4CF82
:10237000F44BF98EF4CBB44B558DA8CB31A8B717DD
:102380000040F44F1347F5FFF98EF4CFF44B558D11
:10239000E8CBB44BF98EB4CBB443758FB8C382800D
:1023A000B7170040F84F498FF8CFF44B1347F5FFAC
:1023B000C9B7B7170040F84F498FF8CFF84B498F8E
:1023C000F8CBB84B1345F5FF79B7B7170040F84F76
:1023D000498FF8CFB44F1347F5FFF98EB4CFF44BC4
:1023E00021A8B7170040F84F498FF8CFB84F498F51
:1023F000B8CFF44B1347F5FF758FF8CBB843598D21
:10240000B9BFB7170040F44F1347F5FFF98EF4CF6B
:10241000B44FE1B7B7170040F44F1347F5FFF98EFB
:10242000F4CFB44FC98E5DBFB7170040B44F134708
:10243000F5FF758FB8CFF84B498FC1B7B71700407C
:10244000B84F498FC5BFB7177A0093870720335518
:10245000F5021375F50F2385A1849307803E33059C
:10246000F5022394A1848280B7F700E023A007003F
:1024700003C7A1843305A70213071010C8C723A8F8
:10248000070098C3D84B098B75DFD84B759BD8CB09
:10249000828003D78184B7F700E023A007003305CB
:1024A000A70213071010C8C723A8070098C3D84B6A
:1024B000098B75DFD84B759BD8CB82808147373726
:1024C0000040A14663C4C700328582800345B740FF
:1024D000E38EA6FE3385F50003450500850723043A
:1024E000A740CDB7B7270040C8C709472380E700FA
:1024F00051472380E7008280B3C7A5008D8B330747
:10250000C50081E78D4763EEC700AA876370E50ABF
:1025100083C6050085078505A38FD7FEE3EAE7FE9E
:10252000828093763500AA8791CA83C60500850705
:102530008505A38FD7FE93F63700FDB79376C7FFC7
:10254000138606FE63F0C70683A3050083A2450039
:1025500083AF850003AFC50083AE050103AE45011F
:1025600003A3850183A8C5019385450223A07700B5
:1025700003A8C5FF23A2570023A4F70123A6E70160
:1025800023A8D70123AAC70123AC670023AE1701F4
:102590009387470223AE07FF75B7904191079105D6
:1025A00023AEC7FEE3EBD7FEE3E4E7F682803971A2
:1025B0003EDA2ED232D436D63AD842DC46DE97E71F
:1025C000FF1F938767AF22CC804326CA06CEAA841A
:1025D00009C41C4C99E3228535230C4454102686EB
:1025E000228536C6EF00F016F2406244D2442161E3
:1025F0008280011126CA4AC806CE22CC4EC652C4D9
:10260000AA842E8901C51C4D91E3ED299C4C804480
:1026100099E32685C529971700009387E758631C1F
:10262000F402C0408357C400A18BB1C71C48A1C7A6
:10263000FD59294A1C4483450900FD17B1E91CC412
:1026400063DE07062286A94526854128FD576308D3
:10265000F502294535A0971700009387E7566314C4
:10266000F4008044C1B7971700009387E751E31B3C
:10267000F4FAC04445BFA2852685052255D97D556B
:10268000F2406244D2444249B249224A0561828002
:102690001CC4050963D70700184C63CBE7006389A6
:1026A00045011C401387170018C02380B70059B795
:1026B000228626851D20E31F35F7D1B71C401387DE
:1026C000170018C029472380E70061B797E7FF1F6D
:1026D0009387879EAA85884329BF011122CC26CAE9
:1026E0004AC806CE4EC6AA842E89328401C51C4D26
:1026F00091E30929971700009387074B6319F406A4
:10270000C0401C4C1CC48357C400A18BC9C31C48C7
:10271000BDCF1C4808409379F90F1379F90F1D8D2F
:102720005C486346F500A2852685752C2DE51C4482
:102730000505FD171CC41C401387170018C0238013
:1027400037015C486389A7008357C400858B81CB20
:10275000A9476316F900A285268571240DEDF24084
:1027600062444A85D2444249B24905618280971742
:102770000000938767456314F400804459B79717A6
:10278000000093876740E31EF4F6C0449DBFA28516
:10279000268521203DDD7D59D9B7411197E7FF1FDF
:1027A0009387879126C2844322C44AC006C62A89D9
:1027B0002E8489C49C4C99E32685A926971700008E
:1027C0009387873E631CF402C0400317C40093172D
:1027D0000701C18393F68700B5EE93F607019DEEDE
:1027E000A5472320F900136707042316E4007D554D
:1027F000B24022449244024941018280971700006E
:102800009387873C6314F4008044C1B79717000096
:1028100093878737E31BF4FAC04445BF918B8DC77C
:102820004C5889C9930744046384F5004A85352BC5
:10283000232A04028357C4002322040093F7B7FD20
:102840002316F4001C481CC08357C40093E787007C
:102850002316F4001C4881EF8357C400130700209F
:1028600093F707286385E700A2854A85852183576A
:10287000C40013F7170005C75C4823240400B307FE
:10288000F0401CCC1C480145A5F78317C40013F782
:10289000070839DF93E707042316F40089BF898B03
:1028A000014791E3584818C4F1BF83D7C50001110F
:1028B00022CC26CA06CE4AC84EC613F78700AA8481
:1028C0002E8471EFD841634DE000B841634AE000C7
:1028D0000145F2406244D2444249B24905618280D6
:1028E00058547DD703A904009396370123A0040010
:1028F00063DD060670488357C400918B99C75C401E
:102900001D8E5C5899C33C401D8E5C540C50814612
:1029100026858297FD570357C400631DF500944038
:10292000F54763E8D706B70740208507B3D7D70038
:10293000858BA5C31C48232204001CC093173701B4
:1029400063D80700FD576314F5009C4091E368C805
:102950004C5823A02401ADDD930744046384F500A3
:1029600026852121232A0402A5B70C50014685465D
:1029700026850297FD572A86E31FF5F69C40A5DFC2
:1029800075476385E70059476394E70423A0240152
:1029900081B7136707042316E4007D551DBF83A983
:1029A0000501E38709F203A905008D8B23A03501FA
:1029B00033093941014791E3D84918C4E35A20F15A
:1029C0001C540C50CA864E86268582976349A00007
:1029D0008357C40093E707042316F4007DBFAA9928
:1029E0003309A940E1BF9C49B9CF011122CC06CEE1
:1029F0002A8411C51C4D81E72EC62922B24597179E
:102A000000009387671A639BF5004C408397C500CD
:102A100095C722856244F240056141BD97170000C9
:102A20009387871A6394F5000C44CDB7971700007D
:102A300093878715E39CF5FC4C44C9BFF240624480
:102A400001450561828001458280411122C406C68C
:102A50002A842316B5002317C5002320050023224E
:102A60000500232405002322050623280500232A28
:102A70000500232C0500214681451305C505EFD02F
:102A8000BFA697170000938787B45CD09717000004
:102A90009387E7B61CD497170000938727BB5CD4B5
:102AA000971700009387E7BD00D01CD8B24022449E
:102AB0004101828097050000938525F3A9A2411169
:102AC00026C2130680069384F5FFB384C4024AC06D
:102AD0002E8922C406C693854407252E2A8401CD5B
:102AE0002320050023222501310508C4138684060E
:102AF0008145EFD07F9F2285B24022449244024913
:102B0000410182801C4DADE3411106C622C49707E6
:102B10000000938767FA1CD5938701829C43232486
:102B2000050423260504232805046314F5008547BE
:102B30001CCD2A841D2848C02285052808C422856A
:102B40002D2048C4484001469145013708440546B8
:102B5000A545E53D48440946C945C53D85471CCCCA
:102B6000B2402244410182808280411193870182D8
:102B700026C284434AC006C69C4C22C42A8999E3D3
:102B800026854937938484048044DC40FD1763D64E
:102B900007009C40B9CF8440C5BF0317C40039E784
:102BA000C177850723220406232004002322040082
:102BB000232404005CC423280400232A0400232CBB
:102BC0000400214681451305C405EFD0FF91232A57
:102BD0000402232C04022324040423260404228553
:102BE000B240224492440249410182801304840687
:102BF00071BF91454A85E13588C051FDB147232019
:102C0000F9000144E9BF797122D44AD052CC56CAA6
:102C10005AC85EC606D626D24ECE2A8AAE8A13047B
:102C200085040149054BFD5B09ECB25022544A85ED
:102C300092540259F249624AD24A424BB24B456120
:102C40008280044483294400FD1963D409000040B4
:102C5000E1BF83D7C400637BFB008397E4006387F5
:102C60007701A6855285829A3369A90093848406E8
:102C7000E1BF1971A6DAAE848395E500A2DC86DE99
:102C8000328463DC050083D7C40023A0060093F7D9
:102C9000070885E7930700401DA0300836C6EF00FF
:102CA000D023B246E34105FE7247BD67F98F7977BD
:102CB000BA9793B717009CC2F1BF930700041CC0DA
:102CC000F6506654D65401450961828083D7C50009
:102CD000011122CC06CE26CA4AC8898B2E8489CF00
:102CE000930774041CC01CC885475CC8F24062444A
:102CF000D24442490561828074003000AA84953F25
:102D0000A2452A892685312201ED8317C40013F7D5
:102D1000072069FFF19B93E727002316F400C9B74A
:102D200097070000938747D99CD48357C40008C0F5
:102D300008C893E707082316F400A2475CC8B24707
:102D400091CF8315E4002685EF00D01B01C983577E
:102D5000C400F19B93E717002316F4008357C400C7
:102D60003369F9002316240151B7DDC183A7C5FFDC
:102D7000411122C406C626C21384C5FF63D30700CF
:102D80003E94AA84EF00F01E938701859C4381EF57
:102D90002322040023A881842244B2402685924441
:102DA00041016F00301D637EF40014403307D400EE
:102DB0006396E7009843DC43369718C05CC0D9BFE0
:102DC000BA87D84319C3E37DE4FE94433386D70022
:102DD000631F86001040B29694C33386D700E31D6C
:102DE000C7FA10435843B29694C3D8C375B76375F6
:102DF000C400B1479CC04DB71040B306C400631671
:102E0000D70014435843B29614C058C0C0C369B722
:102E10008280011126CA93843500F19806CE22CC17
:102E20004AC84EC6A104B14763F3F404B14463E257
:102E3000B4042A89EF00F0139387018598433A84FC
:102E400039E0938741859C4391E781454A85912FDD
:102E500023AAA184A6854A85A927FD5963193507A8
:102E6000B1472320F9004A85EF00D01029A0E3D014
:102E700004FCB1471CC10145F2406244D2444249BE
:102E8000B249056182801C40858F63CF0702AD4641
:102E900063F6F6001CC03E9404C031A05C4063138E
:102EA000870223A8F1844A85EF00D00C1305B400F3
:102EB0009307440061993307F5405DDF3A94898FA9
:102EC0001CC05DBF5CC3C5B72287404095BF1304DB
:102ED00035007198E30285FCB305A4404A85D125ED
:102EE000E31C35FBB5BF1C46FD171CC663DA0700A3
:102EF000184E63C5E700A9476394F5006FF0EFFD36
:102F00001C422E851387170018C22380B7008280C9
:102F1000011122CC26CA4AC84EC652C406CE2A89FE
:102F2000AE893284B304D6007D5A631494000145FF
:102F300009A8834504004E864A8575370504E316C3
:102F400045FFF2406244D2444249B249224A0561F7
:102F50008280357122CD26CB4AC94EC706CF52C5D5
:102F600056C35AC1DEDEE2DCE6DAAA89AE843289D3
:102F7000368409C51C4D99E3EFF0DFB897170000C0
:102F8000938787C2639BF40C83A4490083D7C40052
:102F9000A18BF5C79C48E5C793070002A304F10283
:102FA0009307000302D22305F10222C6930B5002BD
:102FB000971A0000938A4AC3054C294B4A848347D9
:102FC000040099C36390770FB30C2441638D0C0008
:102FD000E6864A86A6854E85253FFD576306F51E83
:102FE0009256E69636D283470400638F071CFD573E
:102FF0001309140002C802CE3ECA02CCA309010480
:1030000082D48345090015465685B9271304190053
:10301000C24759E913F7070109C713070002A309BB
:10302000E10413F7870009C71307B002A309E104FD
:10303000834609001307A0026380E608F2474A842A
:10304000814625460347040093051400130707FD36
:103050006379E60AB5CA3ECE85A897170000938724
:10306000A7B66395F40083A489000DB797170000F5
:10307000938787B1E39CF4F083A4C90001BFA685C0
:103080004E85EFF08FF109D97D55FA406A44DA4454
:103090004A49BA492A4A9A4A0A4BF65B665CD65CA8
:1030A0000D618280050421BF330555413315AC0005
:1030B000C98F3EC82289B1B73247930647001843EB
:1030C00036C6634907023ACE034704009307E0027D
:1030D000631FF704034714009307A002631BF70262
:1030E000B2470904138747009C433AC663C10702ED
:1030F0003ECA35A83307E04093E727003ACE3EC8E2
:10310000E1B7B387670385462E84BA9725BFFD577D
:10311000C5B7050402CA8146814725460347040016
:1031200093051400130707FD6376E606F1F2834565
:1031300004000D4617150000130585AB312D11CD88
:10314000971700009387C7AA1D8D93070004B397B4
:10315000A700424505045D8D2AC883450400194631
:1031600017150000130505A9130914002304B10263
:10317000E5233DC197D7FFFF9387C7E895E742470F
:10318000B2471377071009CF91073EC69257D297DF
:103190003ED22DB5B387670385462E84BA97BDBF4F
:1031A0009D07E19BA107D5B778009706000093869D
:1031B00066D626860C084E8597000000E7000000C2
:1031C000FD572A8AE314F5FC83D7C40093F707045C
:1031D000E39C07EA125555BD7800970600009386D8
:1031E00066D326860C084E85012AD9BF797156CA46
:1031F0009C49BA8A984522D426D24ECE52CC06D6C5
:103200004AD05AC85EC6AA892E84B284368A63D34D
:10321000E700BA879CC00347340419C385079CC0E4
:103220001C4093F7070281C79C4089079CC0032973
:10323000040013796900631A0900130B9401FD5B04
:103240005C449840998F634CF9041C4083463404D5
:1032500093F70702B336D000A5EB13063404D285EA
:103260004E85829AFD576303F5041C401146984031
:10327000998B544481446397C700B384E64063D379
:10328000040081441C4418486354F700998FBE948D
:10329000014969047D5B63982405014509A88546B9
:1032A0005A86D2854E85829A631E75017D55B2502D
:1032B000225492540259F249624AD24A424BB24BCA
:1032C000456182800509ADBF3307D40013060003B2
:1032D000A301C7040347540493871600A2978906E5
:1032E000A381E7049DBF85462286D2854E85829ABA
:1032F000E30E65FB050945B7797122D426D24AD081
:103300004ECE06D652CC56CA5AC8B68983C6850157
:10331000930790063289AA842E8413863504638D20
:10332000F60263E2D706930780056388F61863ED1B
:10333000D7006381062293073004638EF60A930A4E
:1033400024042301D404C9A0930730066385F60A38
:1033500093074006E395F6FE1C40084393F60708E2
:1033600093054500C5C61C410CC363D8070013076D
:10337000D002B307F040A301E4049716000093863F
:10338000E68729476DA8930700076384F61663E56F
:10339000D7029307E006638BF6189307F006E390D5
:1033A000F6FA0C401C4313F8050813854700630721
:1033B000080608C39C438DA893075007E383F6FED5
:1033C00093078007638BF61293073007E399F6F6AD
:1033D0001C43D04181459386470014C383AA07004C
:1033E00056859D2E01C53305554148C05C401CC81B
:1033F000A301040471A81C43930A24049386470084
:103400009C4314C32301F4048547D5B793F60704FE
:103410001C410CC3B9DAC207C18781BF93F505040B
:1034200008C3C9D983D707001307F0066388E60EDF
:10343000970600009386867C2947A30104044C402C
:103440000CC463C5050008406D9908C099E3B28AB1
:1034500091CDB28AB3F5E702FD1AB69583C5050092
:103460002380BA00B3D5E70263F0E70CA147631EDF
:10347000F7001C40858B91CB58401C4863C7E70080
:1034800093070003A38FFAFEFD1A3306564110C8B6
:103490004E87CA867000A2852685EFF03FD57D5AFB
:1034A000631E450B7D55B250225492540259F24985
:1034B000624AD24A424B45618280A382D504970674
:1034C00000009386A6730C40084313F805081C41BE
:1034D0001105630D080208C313F7150001C793E532
:1034E00005020CC04147B1FB0C4093F5F5FD0CC043
:1034F000A9B79C4193E707029CC193078007A302E9
:10350000F404970600009386A67075BF13F80504AF
:1035100008C3E30308FCC207C1837DBF9706000010
:103520009386C66D214711BFAE872DB794411C43CA
:10353000CC4913F80608138547006306080008C342
:103540009C438CC301A808C393F606049C43F5DA98
:103550002390B70023280400B28A1DBF1448568662
:10356000CA8526858299E30F45F31C40898B8DE738
:10357000B2474844E359F5F23E8535B7854656864D
:10358000CA8526858299E30F65F1050A5C443247B6
:10359000998FE345FAFEE9BF014A930A94017D5BE6
:1035A000F5B7411122C42A842E8523A2018606C6BE
:1035B0003D24FD576317F500938741869C4391C3D3
:1035C0001CC0B240224441018280411122C42E8499
:1035D0008395E50006C64522634905007C48AA9705
:1035E0007CC8B2402244410182808357C4007D7769
:1035F0007D17F98F2316F400EDB783D7C5000111AD
:1036000022CC26CA4AC84EC606CE93F70710AA8413
:103610002E843289B68991C78395E5008946014693
:1036200031228357C4007D777D17F98F2316F4006C
:103630008315E4006244F240CE864A86B24942498C
:103640002685D24405613DA8411122C42E8483956C
:10365000E50006C6E128FD570357C400631BF500CB
:10366000FD77FD17F98F2316F400B2402244410183
:1036700082808567D98F2316F40068C8FDB78395CB
:10368000E50005A8411122C42A842E85B28536861C
:1036900023A2018606C6EFE07FE2FD576317F5001F
:1036A000938741869C4391C31CC0B2402244410190
:1036B0008280411122C42A842E8523A2018606C657
:1036C000CD20FD576317F500938741869C4391C336
:1036D0001CC0B240224441018280411122C42A848C
:1036E0002E85B28523A2018606C6D120FD57631719
:1036F000F500938741869C4391C31CC0B24022448D
:1037000041018280411122C42A842E8523A2018690
:1037100006C66520FD576317F500938741869C43D5
:1037200091C31CC0B240224441018280411122C495
:103730002A842E85B285368623A2018606C661209C
:10374000FD576317F500938741869C4391C31CC0C6
:10375000B24022444101828093F5F50F2A9663140A
:10376000C5000145828083470500E38DB7FE05054E
:10377000FDB782808280411122C42A842E85B285C1
:10378000368623A2018606C6A920FD576317F500D9
:10379000938741869C4391C31CC0B240224441019F
:1037A00082809307800523A2F1867D55828093074E
:1037B000800523A2F1867D5582809307800523A290
:1037C000F186014582809307800523A2F1867D550D
:1037D00082809307800523A2F1867D55828093879E
:1037E00081859C4391C73E9523ACA1843E85828010
:1037F000938781863E9523ACA1843E85828000001C
:10380000435243206572720D00000000307825306D
:1038100034583A3078253038580A00004E554D5FFC
:103820004D4953206572720D000000004649464F15
:10383000204F560D00000000537461727420404305
:1038400068697049443D253032580D0A0000000077
:1038500053797374656D20436C6F636B3D25640D04
:103860000A0000004853504920546573740D00004D
:103870004650474120436F6E66696720446F6E650E
:1038800021000000050F16000207100206000000CC
:103890000A1003000E00010AFF07000012034D008A
:1038A0005300460054003100300030000100000099
:1038B0008E000000000105000100840000000100EE
:1038C0000000280044006500760069006300650080
:1038D00049006E00740065007200660061006300BC
:1038E0006500470055004900440000004E000000FC
:1038F0007B003100320033003400350036003700E1
:1039000038002D0031003200330034002D0031002A
:103910003200330034002D00310032003300340017
:103920002D003100320033003400350036003700FE
:10393000380039004100420043007D0000000000D3
:103940000902C8000101008064090400000EFFFFA5
:10395000FF00070581020004000630030000000795
:103960000501020004000630030000000705820282
:1039700000040006300300000007050202000400F6
:103980000630030000000705830200040006300330
:1039900000000007050302000400063003000000D9
:1039A0000705840200040006300300000007050438
:1039B0000200040006300300000007058502000431
:1039C0000006300300000007050502000400063071
:1039D0000300000007058602000400063003000013
:1039E000000705060200040006300300000007057A
:1039F00087020004000630030000000705070200EC
:103A0000040006300300000012010003FF80550986
:103A1000861A3755000101020301000026035700F2
:103A200043004800200055005300420033002E00A0
:103A30003000200044004500560049004300450086
:103A400020000000555342332E30206469736162B8
:103A50006C650000496E6974206572720000000098
:103A6000EA1D0000EC1C0000661B00006E1D00003B
:103A7000661B00008E1C00004A1B0000661B000035
:103A80009C1C0000A81C0000DE1B0000DE1B0000C8
:103A9000050F160002071002020000000A100300C2
:103AA0000E00010AFF0700000902740001010080F6
:103AB00064090400000EFFFFFF00070581020002F9
:103AC000000705010200020007058202000200074C
:103AD0000502020002000705830200020007050339
:103AE000020002000705840200020007050402002C
:103AF000020007058502000200070505020002001A
:103B000007058602000200070506020002000705FD
:103B100087020002000705070200020012010002EE
:103B200000000040861A3755001101020001000014
:103B30002603570043004800200055005300420070
:103B400032002E003000200044004500560049009D
:103B500043004500200000004623000062230000CF
:103B60007E230000A0230000B2230000CA2300002F
:103B7000E223000002240000142400002824000096
:103B80003C240000000000000000000000000000D5
:103B90000000000000000000000000000000000025
:103BA0000000000000000000000000000000000015
:103BB0000000000000000000000000000000000005
:103BC00000000000000000000000000000000000F5
:103BD00000000000000000000000000000000000E5
:103BE00000000000232D302B20000000686C4C00EA
:103BF0006566674546470000303132333435363725
:103C000038394142434445460000000030313233E8
:103C10003435363738396162636465660000000008
:103C20001603300031003200330034003500360016
:103C3000370038003900000052110000D811000090
:103C40007C1200001C130000BE1300006014000072
:103C500002150000A415000044160000C416000060
:103C60006417000004180000A418000044190000A4
:103C700000000000A43B0000C43B0000843B0000A7
:103C80000000000000000000000000000000000034
:103C90000000000000000000000000000000000024
:103CA0000000000000000000000000000000000014
:103CB0000000000000000000000000000000000004
:103CC00000000000000000000000000000000000F4
:103CD00000020000500000200403090408035700FC
:103CE0004300480004030904080357004300480048
:083CF00050000020000000005C
:103CF80000000000000000000000000000000000BC
:103D080000000000000000000000000000000000AB
:103D1800000000000000000000000000000000009B
:103D2800000000000000000000000000000000008B
:103D3800000000000000000000000000000000007B
:103D4800000000000000000000000000000000006B
:103D5800000000000000000000000000000000005B
:103D6800000000000000000000000000000000004B
:103D7800000000000000000000000000000000003B
:103D8800000000000000000000000000000000002B
:103D9800000000000000000000000000000000001B
:103DA800000000000000000000000000000000000B
:103DB80000000000000000000000000000000000FB
:103DC80000000000000000000000000000000000EB
:103DD80000000000000000000000000000000000DB
:103DE80000000000000000000000000000000000CB
:103DF80000000000000000000000000000000000BB
:103E080000000000000000000000000000000000AA
:103E1800000000000000000000000000000000009A
:103E2800000000000000000000000000000000008A
:103E3800000000000000000000000000000000007A
:103E4800000000000000000000000000000000006A
:103E5800000000000000000000000000000000005A
:103E6800000000000000000000000000000000004A
:103E7800000000000000000000000000000000003A
:103E8800000000000000000000000000000000002A
:103E9800000000000000000000000000000000001A
:103EA800000000000000000000000000000000000A
:103EB80000000000000000000000000000000000FA
:103EC80000000000000000000000000000000000EA
:103ED80000000000000000000000000000000000DA
:103EE80000000000000000000000000000000000CA
:103EF80000000000000000000000000000000000BA
:103F080000000000000000000000000000000000A9
:103F18000000000000000000000000000000000099
:103F28000000000000000000000000000000000089
:103F38000000000000000000000000000000000079
:103F48000000000000000000000000000000000069
:103F58000000000000000000000000000000000059
:103F68000000000000000000000000000000000049
:103F78000000000000000000000000000000000039
:103F88000000000000000000000000000000000029
:103F98000000000000000000000000000000000019
:103FA8000000000000000000000000000000000009
:103FB80000000000000000000000000000000000F9
:103FC80000000000000000000000000000000000E9
:103FD80000000000000000000000000000000000D9
:103FE80000000000000000000000000000000000C9
:103FF80000000000000000000000000000000000B9
:1040080000000000000000000000000000000000A8
:104018000000000000000000000000000000000098
:104028000000000000000000000000000000000088
:104038000000000000000000000000000000000078
:104048000000000000000000000000000000000068
:104058000000000000000000000000000000000058
:104068000000000000000000000000000000000048
:104078000000000000000000000000000000000038
:104088000000000000000000000000000000000028
:104098000000000000000000000000000000000018
:1040A8000000000000000000000000000000000008
:1040B80000000000000000000000000000000000F8
:1040C80000000000000000000000000000000000E8
:1040D80000000000000000000000000000000000D8
:1040E80000000000000000000000000000000000C8
:1040F80000000000000000000000000000000000B8
:1041080000000000000000000000000000000000A7
:104118000000000000000000000000000000000097
:104128000000000000000000000000000000000087
:104138000000000000000000000000000000000077
:104148000000000000000000000000000000000067
:104158000000000000000000000000000000000057
:104168000000000000000000000000000000000047
:104178000000000000000000000000000000000037
:104188000000000000000000000000000000000027
:104198000000000000000000000000000000000017
:1041A8000000000000000000000000000000000007
:1041B80000000000000000000000000000000000F7
:1041C80000000000000000000000000000000000E7
:1041D80000000000000000000000000000000000D7
:1041E80000000000000000000000000000000000C7
:1041F80000000000000000000000000000000000B7
:1042080000000000000000000000000000000000A6
:104218000000000000000000000000000000000096
:104228000000000000000000000000000000000086
:104238000000000000000000000000000000000076
:104248000000000000000000000000000000000066
:104258000000000000000000000000000000000056
:104268000000000000000000000000000000000046
:104278000000000000000000000000000000000036
:104288000000000000000000000000000000000026
:104298000000000000000000000000000000000016
:1042A8000000000000000000000000000000000006
:1042B80000000000000000000000000000000000F6
:1042C80000000000000000000000000000000000E6
:1042D80000000000000000000000000000000000D6
:1042E80000000000000000000000000000000000C6
:1042F80000000000000000000000000000000000B6
:1043080000000000000000000000000000000000A5
:104318000000000000000000000000000000000095
:104328000000000000000000000000000000000085
:104338000000000000000000000000000000000075
:104348000000000000000000000000000000000065
:104358000000000000000000000000000000000055
:104368000000000000000000000000000000000045
:104378000000000000000000000000000000000035
:104388000000000000000000000000000000000025
:104398000000000000000000000000000000000015
:1043A8000000000000000000000000000000000005
:1043B80000000000000000000000000000000000F5
:1043C80000000000000000000000000000000000E5
:1043D80000000000000000000000000000000000D5
:1043E80000000000000000000000000000000000C5
:1043F80000000000000000000000000000000000B5
:1044080000000000000000000000000000000000A4
:104418000000000000000000000000000000000094
:104428000000000000000000000000000000000084
:104438000000000000000000000000000000000074
:104448000000000000000000000000000000000064
:104458000000000000000000000000000000000054
:104468000000000000000000000000000000000044
:104478000000000000000000000000000000000034
:104488000000000000000000000000000000000024
:104498000000000000000000000000000000000014
:1044A8000000000000000000000000000000000004
:1044B80000000000000000000000000000000000F4
:1044C80000000000000000000000000000000000E4
:1044D80000000000000000000000000000000000D4
:1044E80000000000000000000000000000000000C4
:1044F80000000000000000000000000000000000B4
:1045080000000000000000000000000000000000A3
:104518000000000000000000000000000000000093
:104528000000000000000000000000000000000083
:104538000000000000000000000000000000000073
:104548000000000000000000000000000000000063
:104558000000000000000000000000000000000053
:104568000000000000000000000000000000000043
:104578000000000000000000000000000000000033
:104588000000000000000000000000000000000023
:104598000000000000000000000000000000000013
:1045A8000000000000000000000000000000000003
:1045B80000000000000000000000000000000000F3
:1045C80000000000000000000000000000000000E3
:1045D80000000000000000000000000000000000D3
:1045E80000000000000000000000000000000000C3
:1045F80000000000000000000000000000000000B3
:1046080000000000000000000000000000000000A2
:104618000000000000000000000000000000000092
:104628000000000000000000000000000000000082
:104638000000000000000000000000000000000072
:104648000000000000000000000000000000000062
:104658000000000000000000000000000000000052
:104668000000000000000000000000000000000042
:104678000000000000000000000000000000000032
:104688000000000000000000000000000000000022
:104698000000000000000000000000000000000012
:1046A8000000000000000000000000000000000002
:1046B80000000000000000000000000000000000F2
:1046C80000000000000000000000000000000000E2
:1046D80000000000000000000000000000000000D2
:1046E80000000000000000000000000000000000C2
:1046F80000000000000000000000000000000000B2
:1047080000000000000000000000000000000000A1
:104718000000000000000000000000000000000091
:104728000000000000000000000000000000000081
:104738000000000000000000000000000000000071
:104748000000000000000000000000000000000061
:104758000000000000000000000000000000000051
:104768000000000000000000000000000000000041
:104778000000000000000000000000000000000031
:104788000000000000000000000000000000000021
:104798000000000000000000000000000000000011
:1047A8000000000000000000000000000000000001
:1047B80000000000000000000000000000000000F1
:1047C80000000000000000000000000000000000E1
:1047D80000000000000000000000000000000000D1
:1047E80000000000000000000000000000000000C1
:1047F80000000000000000000000000000000000B1
:1048080000000000000000000000000000000000A0
:104818000000000000000000000000000000000090
:104828000000000000000000000000000000000080
:104838000000000000000000000000000000000070
:104848000000000000000000000000000000000060
:104858000000000000000000000000000000000050
:104868000000000000000000000000000000000040
:104878000000000000000000000000000000000030
:104888000000000000000000000000000000000020
:104898000000000000000000000000000000000010
:1048A8000000000000000000000000000000000000
:1048B80000000000000000000000000000000000F0
:1048C80000000000000000000000000000000000E0
:1048D80000000000000000000000000000000000D0
:1048E80000000000000000000000000000000000C0
:1048F80000000000000000000000000000000000B0
:10490800000000000000000000000000000000009F
:10491800000000000000000000000000000000008F
:10492800000000000000000000000000000000007F
:10493800000000000000000000000000000000006F
:10494800000000000000000000000000000000005F
:10495800000000000000000000000000000000004F
:10496800000000000000000000000000000000003F
:10497800000000000000000000000000000000002F
:10498800000000000000000000000000000000001F
:10499800000000000000000000000000000000000F
:1049A80000000000000000000000000000000000FF
:1049B80000000000000000000000000000000000EF
:1049C80000000000000000000000000000000000DF
:1049D80000000000000000000000000000000000CF
:1049E80000000000000000000000000000000000BF
:1049F80000000000000000000000000000000000AF
:104A0800000000000000000000000000000000009E
:104A1800000000000000000000000000000000008E
:104A2800000000000000000000000000000000007E
:104A3800000000000000000000000000000000006E
:104A4800000000000000000000000000000000005E
:104A5800000000000000000000000000000000004E
:104A6800000000000000000000000000000000003E
:104A7800000000000000000000000000000000002E
:104A8800000000000000000000000000000000001E
:104A9800000000000000000000000000000000000E
:104AA80000000000000000000000000000000000FE
:104AB80000000000000000000000000000000000EE
:104AC80000000000000000000000000000000000DE
:104AD80000000000000000000000000000000000CE
:104AE80000000000000000000000000000000000BE
:104AF80000000000000000000000000000000000AE
:104B0800000000000000000000000000000000009D
:104B1800000000000000000000000000000000008D
:104B2800000000000000000000000000000000007D
:104B3800000000000000000000000000000000006D
:104B4800000000000000000000000000000000005D
:104B5800000000000000000000000000000000004D
:104B6800000000000000000000000000000000003D
:104B7800000000000000000000000000000000002D
:104B8800000000000000000000000000000000001D
:104B9800000000000000000000000000000000000D
:104BA80000000000000000000000000000000000FD
:104BB80000000000000000000000000000000000ED
:104BC80000000000000000000000000000000000DD
:104BD80000000000000000000000000000000000CD
:104BE80000000000000000000000000000000000BD
:104BF80000000000000000000000000000000000AD
:104C0800000000000000000000000000000000009C
:104C1800000000000000000000000000000000008C
:104C2800000000000000000000000000000000007C
:104C3800000000000000000000000000000000006C
:104C4800000000000000000000000000000000005C
:104C5800000000000000000000000000000000004C
:104C6800000000000000000000000000000000003C
:104C7800000000000000000000000000000000002C
:104C8800000000000000000000000000000000001C
:104C9800000000000000000000000000000000000C
:104CA80000000000000000000000000000000000FC
:104CB80000000000000000000000000000000000EC
:104CC80000000000000000000000000000000000DC
:104CD80000000000000000000000000000000000CC
:104CE80000000000000000000000000000000000BC
:104CF80000000000000000000000000000000000AC
:104D0800000000000000000000000000000000009B
:104D1800000000000000000000000000000000008B
:104D2800000000000000000000000000000000007B
:104D3800000000000000000000000000000000006B
:104D4800000000000000000000000000000000005B
:104D5800000000000000000000000000000000004B
:104D6800000000000000000000000000000000003B
:104D7800000000000000000000000000000000002B
:104D8800000000000000000000000000000000001B
:104D9800000000000000000000000000000000000B
:104DA80000000000000000000000000000000000FB
:104DB80000000000000000000000000000000000EB
:104DC80000000000000000000000000000000000DB
:104DD80000000000000000000000000000000000CB
:104DE80000000000000000000000000000000000BB
:104DF80000000000000000000000000000000000AB
:104E0800000000000000000000000000000000009A
:104E1800000000000000000000000000000000008A
:104E2800000000000000000000000000000000007A
:104E3800000000000000000000000000000000006A
:104E4800000000000000000000000000000000005A
:104E5800000000000000000000000000000000004A
:104E6800000000000000000000000000000000003A
:104E7800000000000000000000000000000000002A
:104E8800000000000000000000000000000000001A
:104E9800000000000000000000000000000000000A
:104EA80000000000000000000000000000000000FA
:104EB80000000000000000000000000000000000EA
:104EC80000000000000000000000000000000000DA
:104ED80000000000000000000000000000000000CA
:104EE80000000000000000000000000000000000BA
:104EF80000000000000000000000000000000000AA
:104F08000000000000000000000000000000000099
:104F18000000000000000000000000000000000089
:104F28000000000000000000000000000000000079
:104F38000000000000000000000000000000000069
:104F48000000000000000000000000000000000059
:104F58000000000000000000000000000000000049
:104F68000000000000000000000000000000000039
:104F78000000000000000000000000000000000029
:104F88000000000000000000000000000000000019
:104F98000000000000000000000000000000000009
:104FA80000000000000000000000000000000000F9
:104FB80000000000000000000000000000000000E9
:104FC80000000000000000000000000000000000D9
:104FD80000000000000000000000000000000000C9
:104FE80000000000000000000000000000000000B9
:104FF80000000000000000000000000000000000A9
:105008000000000000000000000000000000000098
:105018000000000000000000000000000000000088
:105028000000000000000000000000000000000078
:105038000000000000000000000000000000000068
:105048000000000000000000000000000000000058
:105058000000000000000000000000000000000048
:105068000000000000000000000000000000000038
:105078000000000000000000000000000000000028
:105088000000000000000000000000000000000018
:105098000000000000000000000000000000000008
:1050A80000000000000000000000000000000000F8
:1050B80000000000000000000000000000000000E8
:1050C80000000000000000000000000000000000D8
:1050D80000000000000000000000000000000000C8
:1050E80000000000000000000000000000000000B8
:1050F80000000000000000000000000000000000A8
:105108000000000000000000000000000000000097
:105118000000000000000000000000000000000087
:105128000000000000000000000000000000000077
:105138000000000000000000000000000000000067
:105148000000000000000000000000000000000057
:105158000000000000000000000000000000000047
:105168000000000000000000000000000000000037
:105178000000000000000000000000000000000027
:105188000000000000000000000000000000000017
:105198000000000000000000000000000000000007
:1051A80000000000000000000000000000000000F7
:1051B80000000000000000000000000000000000E7
:1051C80000000000000000000000000000000000D7
:1051D80000000000000000000000000000000000C7
:1051E80000000000000000000000000000000000B7
:1051F80000000000000000000000000000000000A7
:105208000000000000000000000000000000000096
:105218000000000000000000000000000000000086
:105228000000000000000000000000000000000076
:105238000000000000000000000000000000000066
:105248000000000000000000000000000000000056
:105258000000000000000000000000000000000046
:105268000000000000000000000000000000000036
:105278000000000000000000000000000000000026
:105288000000000000000000000000000000000016
:105298000000000000000000000000000000000006
:1052A80000000000000000000000000000000000F6
:1052B80000000000000000000000000000000000E6
:1052C80000000000000000000000000000000000D6
:1052D80000000000000000000000000000000000C6
:1052E80000000000000000000000000000000000B6
:1052F80000000000000000000000000000000000A6
:105308000000000000000000000000000000000095
:105318000000000000000000000000000000000085
:105328000000000000000000000000000000000075
:105338000000000000000000000000000000000065
:105348000000000000000000000000000000000055
:105358000000000000000000000000000000000045
:105368000000000000000000000000000000000035
:105378000000000000000000000000000000000025
:105388000000000000000000000000000000000015
:105398000000000000000000000000000000000005
:1053A80000000000000000000000000000000000F5
:1053B80000000000000000000000000000000000E5
:1053C80000000000000000000000000000000000D5
:1053D80000000000000000000000000000000000C5
:1053E80000000000000000000000000000000000B5
:1053F80000000000000000000000000000000000A5
:105408000000000000000000000000000000000094
:105418000000000000000000000000000000000084
:105428000000000000000000000000000000000074
:105438000000000000000000000000000000000064
:105448000000000000000000000000000000000054
:105458000000000000000000000000000000000044
:105468000000000000000000000000000000000034
:105478000000000000000000000000000000000024
:105488000000000000000000000000000000000014
:105498000000000000000000000000000000000004
:1054A80000000000000000000000000000000000F4
:1054B80000000000000000000000000000000000E4
:1054C80000000000000000000000000000000000D4
:1054D80000000000000000000000000000000000C4
:1054E80000000000000000000000000000000000B4
:1054F80000000000000000000000000000000000A4
:105508000000000000000000000000000000000093
:105518000000000000000000000000000000000083
:105528000000000000000000000000000000000073
:105538000000000000000000000000000000000063
:105548000000000000000000000000000000000053
:105558000000000000000000000000000000000043
:105568000000000000000000000000000000000033
:105578000000000000000000000000000000000023
:105588000000000000000000000000000000000013
:105598000000000000000000000000000000000003
:1055A80000000000000000000000000000000000F3
:1055B80000000000000000000000000000000000E3
:1055C80000000000000000000000000000000000D3
:1055D80000000000000000000000000000000000C3
:1055E80000000000000000000000000000000000B3
:1055F80000000000000000000000000000000000A3
:105608000000000000000000000000000000000092
:105618000000000000000000000000000000000082
:105628000000000000000000000000000000000072
:105638000000000000000000000000000000000062
:105648000000000000000000000000000000000052
:105658000000000000000000000000000000000042
:105668000000000000000000000000000000000032
:105678000000000000000000000000000000000022
:105688000000000000000000000000000000000012
:105698000000000000000000000000000000000002
:1056A80000000000000000000000000000000000F2
:1056B80000000000000000000000000000000000E2
:1056C80000000000000000000000000000000000D2
:1056D80000000000000000000000000000000000C2
:1056E80000000000000000000000000000000000B2
:1056F80000000000000000000000000000000000A2
:105708000000000000000000000000000000000091
:105718000000000000000000000000000000000081
:105728000000000000000000000000000000000071
:105738000000000000000000000000000000000061
:105748000000000000000000000000000000000051
:105758000000000000000000000000000000000041
:105768000000000000000000000000000000000031
:105778000000000000000000000000000000000021
:105788000000000000000000000000000000000011
:105798000000000000000000000000000000000001
:1057A80000000000000000000000000000000000F1
:1057B80000000000000000000000000000000000E1
:1057C80000000000000000000000000000000000D1
:1057D80000000000000000000000000000000000C1
:1057E80000000000000000000000000000000000B1
:1057F80000000000000000000000000000000000A1
:105808000000000000000000000000000000000090
:105818000000000000000000000000000000000080
:105828000000000000000000000000000000000070
:105838000000000000000000000000000000000060
:105848000000000000000000000000000000000050
:105858000000000000000000000000000000000040
:105868000000000000000000000000000000000030
:105878000000000000000000000000000000000020
:105888000000000000000000000000000000000010
:105898000000000000000000000000000000000000
:1058A80000000000000000000000000000000000F0
:1058B80000000000000000000000000000000000E0
:1058C80000000000000000000000000000000000D0
:1058D80000000000000000000000000000000000C0
:1058E80000000000000000000000000000000000B0
:1058F80000000000000000000000000000000000A0
:10590800000000000000000000000000000000008F
:10591800000000000000000000000000000000007F
:10592800000000000000000000000000000000006F
:10593800000000000000000000000000000000005F
:10594800000000000000000000000000000000004F
:10595800000000000000000000000000000000003F
:10596800000000000000000000000000000000002F
:10597800000000000000000000000000000000001F
:10598800000000000000000000000000000000000F
:1059980000000000000000000000000000000000FF
:1059A80000000000000000000000000000000000EF
:1059B80000000000000000000000000000000000DF
:1059C80000000000000000000000000000000000CF
:1059D80000000000000000000000000000000000BF
:1059E80000000000000000000000000000000000AF
:1059F800000000000000000000000000000000009F
:105A0800000000000000000000000000000000008E
:105A1800000000000000000000000000000000007E
:105A2800000000000000000000000000000000006E
:105A3800000000000000000000000000000000005E
:105A4800000000000000000000000000000000004E
:105A5800000000000000000000000000000000003E
:105A6800000000000000000000000000000000002E
:105A7800000000000000000000000000000000001E
:105A8800000000000000000000000000000000000E
:105A980000000000000000000000000000000000FE
:105AA80000000000000000000000000000000000EE
:105AB80000000000000000000000000000000000DE
:105AC80000000000000000000000000000000000CE
:105AD80000000000000000000000000000000000BE
:105AE80000000000000000000000000000000000AE
:105AF800000000000000000000000000000000009E
:105B0800000000000000000000000000000000008D
:105B1800000000000000000000000000000000007D
:105B2800000000000000000000000000000000006D
:105B3800000000000000000000000000000000005D
:105B4800000000000000000000000000000000004D
:105B5800000000000000000000000000000000003D
:105B6800000000000000000000000000000000002D
:105B7800000000000000000000000000000000001D
:105B8800000000000000000000000000000000000D
:105B980000000000000000000000000000000000FD
:105BA80000000000000000000000000000000000ED
:105BB80000000000000000000000000000000000DD
:105BC80000000000000000000000000000000000CD
:105BD80000000000000000000000000000000000BD
:105BE80000000000000000000000000000000000AD
:105BF800000000000000000000000000000000009D
:105C0800000000000000000000000000000000008C
:105C1800000000000000000000000000000000007C
:105C2800000000000000000000000000000000006C
:105C3800000000000000000000000000000000005C
:105C4800000000000000000000000000000000004C
:105C5800000000000000000000000000000000003C
:105C6800000000000000000000000000000000002C
:105C7800000000000000000000000000000000001C
:105C8800000000000000000000000000000000000C
:105C980000000000000000000000000000000000FC
:105CA80000000000000000000000000000000000EC
:105CB80000000000000000000000000000000000DC
:105CC80000000000000000000000000000000000CC
:105CD80000000000000000000000000000000000BC
:105CE80000000000000000000000000000000000AC
:105CF800000000000000000000000000000000009C
:105D0800000000000000000000000000000000008B
:105D1800000000000000000000000000000000007B
:105D2800000000000000000000000000000000006B
:105D3800000000000000000000000000000000005B
:105D4800000000000000000000000000000000004B
:105D5800000000000000000000000000000000003B
:105D6800000000000000000000000000000000002B
:105D7800000000000000000000000000000000001B
:105D8800000000000000000000000000000000000B
:105D980000000000000000000000000000000000FB
:105DA80000000000000000000000000000000000EB
:105DB80000000000000000000000000000000000DB
:105DC80000000000000000000000000000000000CB
:105DD80000000000000000000000000000000000BB
:105DE80000000000000000000000000000000000AB
:105DF800000000000000000000000000000000009B
:105E0800000000000000000000000000000000008A
:105E1800000000000000000000000000000000007A
:105E2800000000000000000000000000000000006A
:105E3800000000000000000000000000000000005A
:105E4800000000000000000000000000000000004A
:105E5800000000000000000000000000000000003A
:105E6800000000000000000000000000000000002A
:105E7800000000000000000000000000000000001A
:105E8800000000000000000000000000000000000A
:105E980000000000000000000000000000000000FA
:105EA80000000000000000000000000000000000EA
:105EB80000000000000000000000000000000000DA
:105EC80000000000000000000000000000000000CA
:105ED80000000000000000000000000000000000BA
:105EE80000000000000000000000000000000000AA
:105EF800000000000000000000000000000000009A
:105F08000000000000000000000000000000000089
:105F18000000000000000000000000000000000079
:105F28000000000000000000000000000000000069
:105F38000000000000000000000000000000000059
:105F48000000000000000000000000000000000049
:105F58000000000000000000000000000000000039
:105F68000000000000000000000000000000000029
:105F78000000000000000000000000000000000019
:105F88000000000000000000000000000000000009
:105F980000000000000000000000000000000000F9
:105FA80000000000000000000000000000000000E9
:105FB80000000000000000000000000000000000D9
:105FC80000000000000000000000000000000000C9
:105FD80000000000000000000000000000000000B9
:105FE80000000000000000000000000000000000A9
:105FF8000000000000000000000000000000000099
:106008000000000000000000000000000000000088
:106018000000000000000000000000000000000078
:106028000000000000000000000000000000000068
:106038000000000000000000000000000000000058
:106048000000000000000000000000000000000048
:106058000000000000000000000000000000000038
:106068000000000000000000000000000000000028
:106078000000000000000000000000000000000018
:106088000000000000000000000000000000000008
:1060980000000000000000000000000000000000F8
:1060A80000000000000000000000000000000000E8
:1060B80000000000000000000000000000000000D8
:1060C80000000000000000000000000000000000C8
:1060D80000000000000000000000000000000000B8
:1060E80000000000000000000000000000000000A8
:1060F8000000000000000000000000000000000098
:106108000000000000000000000000000000000087
:106118000000000000000000000000000000000077
:106128000000000000000000000000000000000067
:106138000000000000000000000000000000000057
:106148000000000000000000000000000000000047
:106158000000000000000000000000000000000037
:106168000000000000000000000000000000000027
:106178000000000000000000000000000000000017
:106188000000000000000000000000000000000007
:1061980000000000000000000000000000000000F7
:1061A80000000000000000000000000000000000E7
:1061B80000000000000000000000000000000000D7
:1061C80000000000000000000000000000000000C7
:1061D80000000000000000000000000000000000B7
:1061E80000000000000000000000000000000000A7
:1061F8000000000000000000000000000000000097
:106208000000000000000000000000000000000086
:106218000000000000000000000000000000000076
:106228000000000000000000000000000000000066
:106238000000000000000000000000000000000056
:106248000000000000000000000000000000000046
:106258000000000000000000000000000000000036
:106268000000000000000000000000000000000026
:106278000000000000000000000000000000000016
:106288000000000000000000000000000000000006
:1062980000000000000000000000000000000000F6
:1062A80000000000000000000000000000000000E6
:1062B80000000000000000000000000000000000D6
:1062C80000000000000000000000000000000000C6
:1062D80000000000000000000000000000000000B6
:1062E80000000000000000000000000000000000A6
:1062F8000000000000000000000000000000000096
:106308000000000000000000000000000000000085
:106318000000000000000000000000000000000075
:106328000000000000000000000000000000000065
:106338000000000000000000000000000000000055
:106348000000000000000000000000000000000045
:106358000000000000000000000000000000000035
:106368000000000000000000000000000000000025
:106378000000000000000000000000000000000015
:106388000000000000000000000000000000000005
:1063980000000000000000000000000000000000F5
:1063A80000000000000000000000000000000000E5
:1063B80000000000000000000000000000000000D5
:1063C80000000000000000000000000000000000C5
:1063D80000000000000000000000000000000000B5
:1063E80000000000000000000000000000000000A5
:1063F8000000000000000000000000000000000095
:106408000000000000000000000000000000000084
:106418000000000000000000000000000000000074
:106428000000000000000000000000000000000064
:106438000000000000000000000000000000000054
:106448000000000000000000000000000000000044
:106458000000000000000000000000000000000034
:106468000000000000000000000000000000000024
:106478000000000000000000000000000000000014
:106488000000000000000000000000000000000004
:1064980000000000000000000000000000000000F4
:1064A80000000000000000000000000000000000E4
:1064B80000000000000000000000000000000000D4
:1064C80000000000000000000000000000000000C4
:1064D80000000000000000000000000000000000B4
:1064E80000000000000000000000000000000000A4
:1064F8000000000000000000000000000000000094
:106508000000000000000000000000000000000083
:106518000000000000000000000000000000000073
:106528000000000000000000000000000000000063
:106538000000000000000000000000000000000053
:106548000000000000000000000000000000000043
:106558000000000000000000000000000000000033
:106568000000000000000000000000000000000023
:106578000000000000000000000000000000000013
:106588000000000000000000000000000000000003
:1065980000000000000000000000000000000000F3
:1065A80000000000000000000000000000000000E3
:1065B80000000000000000000000000000000000D3
:1065C80000000000000000000000000000000000C3
:1065D80000000000000000000000000000000000B3
:1065E80000000000000000000000000000000000A3
:1065F8000000000000000000000000000000000093
:106608000000000000000000000000000000000082
:106618000000000000000000000000000000000072
:106628000000000000000000000000000000000062
:106638000000000000000000000000000000000052
:106648000000000000000000000000000000000042
:106658000000000000000000000000000000000032
:106668000000000000000000000000000000000022
:106678000000000000000000000000000000000012
:106688000000000000000000000000000000000002
:1066980000000000000000000000000000000000F2
:1066A80000000000000000000000000000000000E2
:1066B80000000000000000000000000000000000D2
:1066C80000000000000000000000000000000000C2
:1066D80000000000000000000000000000000000B2
:1066E80000000000000000000000000000000000A2
:1066F8000000000000000000000000000000000092
:106708000000000000000000000000000000000081
:106718000000000000000000000000000000000071
:106728000000000000000000000000000000000061
:106738000000000000000000000000000000000051
:106748000000000000000000000000000000000041
:106758000000000000000000000000000000000031
:106768000000000000000000000000000000000021
:106778000000000000000000000000000000000011
:106788000000000000000000000000000000000001
:1067980000000000000000000000000000000000F1
:1067A80000000000000000000000000000000000E1
:1067B80000000000000000000000000000000000D1
:1067C80000000000000000000000000000000000C1
:1067D80000000000000000000000000000000000B1
:1067E80000000000000000000000000000000000A1
:1067F8000000000000000000000000000000000091
:106808000000000000000000000000000000000080
:106818000000000000000000000000000000000070
:106828000000000000000000000000000000000060
:106838000000000000000000000000000000000050
:106848000000000000000000000000000000000040
:106858000000000000000000000000000000000030
:106868000000000000000000000000000000000020
:106878000000000000000000000000000000000010
:106888000000000000000000000000000000000000
:1068980000000000000000000000000000000000F0
:1068A80000000000000000000000000000000000E0
:1068B80000000000000000000000000000000000D0
:1068C80000000000000000000000000000000000C0
:1068D80000000000000000000000000000000000B0
:1068E80000000000000000000000000000000000A0
:1068F8000000000000000000000000000000000090
:10690800000000000000000000000000000000007F
:10691800000000000000000000000000000000006F
:10692800000000000000000000000000000000005F
:10693800000000000000000000000000000000004F
:10694800000000000000000000000000000000003F
:10695800000000000000000000000000000000002F
:10696800000000000000000000000000000000001F
:10697800000000000000000000000000000000000F
:1069880000000000000000000000000000000000FF
:1069980000000000000000000000000000000000EF
:1069A80000000000000000000000000000000000DF
:1069B80000000000000000000000000000000000CF
:1069C80000000000000000000000000000000000BF
:1069D80000000000000000000000000000000000AF
:1069E800000000000000000000000000000000009F
:1069F800000000000000000000000000000000008F
:106A0800000000000000000000000000000000007E
:106A1800000000000000000000000000000000006E
:106A2800000000000000000000000000000000005E
:106A3800000000000000000000000000000000004E
:106A4800000000000000000000000000000000003E
:106A5800000000000000000000000000000000002E
:106A6800000000000000000000000000000000001E
:106A7800000000000000000000000000000000000E
:106A880000000000000000000000000000000000FE
:106A980000000000000000000000000000000000EE
:106AA80000000000000000000000000000000000DE
:106AB80000000000000000000000000000000000CE
:106AC80000000000000000000000000000000000BE
:106AD80000000000000000000000000000000000AE
:106AE800000000000000000000000000000000009E
:106AF800000000000000000000000000000000008E
:106B0800000000000000000000000000000000007D
:106B1800000000000000000000000000000000006D
:106B2800000000000000000000000000000000005D
:106B3800000000000000000000000000000000004D
:106B4800000000000000000000000000000000003D
:106B5800000000000000000000000000000000002D
:106B6800000000000000000000000000000000001D
:106B7800000000000000000000000000000000000D
:106B880000000000000000000000000000000000FD
:106B980000000000000000000000000000000000ED
:106BA80000000000000000000000000000000000DD
:106BB80000000000000000000000000000000000CD
:106BC80000000000000000000000000000000000BD
:106BD80000000000000000000000000000000000AD
:106BE800000000000000000000000000000000009D
:106BF800000000000000000000000000000000008D
:106C0800000000000000000000000000000000007C
:106C1800000000000000000000000000000000006C
:106C2800000000000000000000000000000000005C
:106C3800000000000000000000000000000000004C
:106C4800000000000000000000000000000000003C
:106C5800000000000000000000000000000000002C
:106C6800000000000000000000000000000000001C
:106C7800000000000000000000000000000000000C
:106C880000000000000000000000000000000000FC
:106C980000000000000000000000000000000000EC
:106CA80000000000000000000000000000000000DC
:106CB80000000000000000000000000000000000CC
:106CC80000000000000000000000000000000000BC
:106CD80000000000000000000000000000000000AC
:106CE800000000000000000000000000000000009C
:106CF800000000000000000000000000000000008C
:106D0800000000000000000000000000000000007B
:106D1800000000000000000000000000000000006B
:106D2800000000000000000000000000000000005B
:106D3800000000000000000000000000000000004B
:106D4800000000000000000000000000000000003B
:106D5800000000000000000000000000000000002B
:106D6800000000000000000000000000000000001B
:106D7800000000000000000000000000000000000B
:106D880000000000000000000000000000000000FB
:106D980000000000000000000000000000000000EB
:106DA80000000000000000000000000000000000DB
:106DB80000000000000000000000000000000000CB
:106DC80000000000000000000000000000000000BB
:106DD80000000000000000000000000000000000AB
:106DE800000000000000000000000000000000009B
:106DF800000000000000000000000000000000008B
:106E0800000000000000000000000000000000007A
:106E1800000000000000000000000000000000006A
:106E2800000000000000000000000000000000005A
:106E3800000000000000000000000000000000004A
:106E4800000000000000000000000000000000003A
:106E5800000000000000000000000000000000002A
:106E6800000000000000000000000000000000001A
:106E7800000000000000000000000000000000000A
:106E880000000000000000000000000000000000FA
:106E980000000000000000000000000000000000EA
:106EA80000000000000000000000000000000000DA
:106EB80000000000000000000000000000000000CA
:106EC80000000000000000000000000000000000BA
:106ED80000000000000000000000000000000000AA
:106EE800000000000000000000000000000000009A
:106EF800000000000000000000000000000000008A
:106F08000000000000000000000000000000000079
:106F18000000000000000000000000000000000069
:106F28000000000000000000000000000000000059
:106F38000000000000000000000000000000000049
:106F48000000000000000000000000000000000039
:106F58000000000000000000000000000000000029
:106F68000000000000000000000000000000000019
:106F78000000000000000000000000000000000009
:106F880000000000000000000000000000000000F9
:106F980000000000000000000000000000000000E9
:106FA80000000000000000000000000000000000D9
:106FB80000000000000000000000000000000000C9
:106FC80000000000000000000000000000000000B9
:106FD80000000000000000000000000000000000A9
:106FE8000000000000000000000000000000000099
:106FF8000000000000000000000000000000000089
:107008000000000000000000000000000000000078
:107018000000000000000000000000000000000068
:107028000000000000000000000000000000000058
:107038000000000000000000000000000000000048
:107048000000000000000000000000000000000038
:107058000000000000000000000000000000000028
:107068000000000000000000000000000000000018
:107078000000000000000000000000000000000008
:1070880000000000000000000000000000000000F8
:1070980000000000000000000000000000000000E8
:1070A80000000000000000000000000000000000D8
:1070B80000000000000000000000000000000000C8
:1070C80000000000000000000000000000000000B8
:1070D80000000000000000000000000000000000A8
:1070E8000000000000000000000000000000000098
:1070F8000000000000000000000000000000000088
:107108000000000000000000000000000000000077
:107118000000000000000000000000000000000067
:107128000000000000000000000000000000000057
:107138000000000000000000000000000000000047
:107148000000000000000000000000000000000037
:107158000000000000000000000000000000000027
:107168000000000000000000000000000000000017
:107178000000000000000000000000000000000007
:1071880000000000000000000000000000000000F7
:1071980000000000000000000000000000000000E7
:1071A80000000000000000000000000000000000D7
:1071B80000000000000000000000000000000000C7
:1071C80000000000000000000000000000000000B7
:1071D80000000000000000000000000000000000A7
:1071E8000000000000000000000000000000000097
:1071F8000000000000000000000000000000000087
:107208000000000000000000000000000000000076
:107218000000000000000000000000000000000066
:107228000000000000000000000000000000000056
:107238000000000000000000000000000000000046
:107248000000000000000000000000000000000036
:107258000000000000000000000000000000000026
:107268000000000000000000000000000000000016
:107278000000000000000000000000000000000006
:1072880000000000000000000000000000000000F6
:1072980000000000000000000000000000000000E6
:1072A80000000000000000000000000000000000D6
:1072B80000000000000000000000000000000000C6
:1072C80000000000000000000000000000000000B6
:1072D80000000000000000000000000000000000A6
:1072E8000000000000000000000000000000000096
:1072F8000000000000000000000000000000000086
:107308000000000000000000000000000000000075
:107318000000000000000000000000000000000065
:107328000000000000000000000000000000000055
:107338000000000000000000000000000000000045
:107348000000000000000000000000000000000035
:107358000000000000000000000000000000000025
:107368000000000000000000000000000000000015
:107378000000000000000000000000000000000005
:1073880000000000000000000000000000000000F5
:1073980000000000000000000000000000000000E5
:1073A80000000000000000000000000000000000D5
:1073B80000000000000000000000000000000000C5
:1073C80000000000000000000000000000000000B5
:1073D80000000000000000000000000000000000A5
:1073E8000000000000000000000000000000000095
:1073F8000000000000000000000000000000000085
:107408000000000000000000000000000000000074
:107418000000000000000000000000000000000064
:107428000000000000000000000000000000000054
:107438000000000000000000000000000000000044
:107448000000000000000000000000000000000034
:107458000000000000000000000000000000000024
:107468000000000000000000000000000000000014
:107478000000000000000000000000000000000004
:1074880000000000000000000000000000000000F4
:1074980000000000000000000000000000000000E4
:1074A80000000000000000000000000000000000D4
:1074B80000000000000000000000000000000000C4
:1074C80000000000000000000000000000000000B4
:1074D80000000000000000000000000000000000A4
:1074E8000000000000000000000000000000000094
:1074F8000000000000000000000000000000000084
:107508000000000000000000000000000000000073
:107518000000000000000000000000000000000063
:107528000000000000000000000000000000000053
:107538000000000000000000000000000000000043
:107548000000000000000000000000000000000033
:107558000000000000000000000000000000000023
:107568000000000000000000000000000000000013
:107578000000000000000000000000000000000003
:1075880000000000000000000000000000000000F3
:1075980000000000000000000000000000000000E3
:1075A80000000000000000000000000000000000D3
:1075B80000000000000000000000000000000000C3
:1075C80000000000000000000000000000000000B3
:1075D80000000000000000000000000000000000A3
:1075E8000000000000000000000000000000000093
:1075F8000000000000000000000000000000000083
:107608000000000000000000000000000000000072
:107618000000000000000000000000000000000062
:107628000000000000000000000000000000000052
:107638000000000000000000000000000000000042
:107648000000000000000000000000000000000032
:107658000000000000000000000000000000000022
:107668000000000000000000000000000000000012
:107678000000000000000000000000000000000002
:1076880000000000000000000000000000000000F2
:1076980000000000000000000000000000000000E2
:1076A80000000000000000000000000000000000D2
:1076B80000000000000000000000000000000000C2
:1076C80000000000000000000000000000000000B2
:1076D80000000000000000000000000000000000A2
:1076E8000000000000000000000000000000000092
:1076F8000000000000000000000000000000000082
:107708000000000000000000000000000000000071
:107718000000000000000000000000000000000061
:107728000000000000000000000000000000000051
:107738000000000000000000000000000000000041
:107748000000000000000000000000000000000031
:107758000000000000000000000000000000000021
:107768000000000000000000000000000000000011
:107778000000000000000000000000000000000001
:1077880000000000000000000000000000000000F1
:1077980000000000000000000000000000000000E1
:1077A80000000000000000000000000000000000D1
:1077B80000000000000000000000000000000000C1
:1077C80000000000000000000000000000000000B1
:1077D80000000000000000000000000000000000A1
:1077E8000000000000000000000000000000000091
:1077F8000000000000000000000000000000000081
:107808000000000000000000000000000000000070
:107818000000000000000000000000000000000060
:107828000000000000000000000000000000000050
:107838000000000000000000000000000000000040
:107848000000000000000000000000000000000030
:107858000000000000000000000000000000000020
:107868000000000000000000000000000000000010
:107878000000000000000000000000000000000000
:1078880000000000000000000000000000000000F0
:1078980000000000000000000000000000000000E0
:1078A80000000000000000000000000000000000D0
:1078B80000000000000000000000000000000000C0
:1078C80000000000000000000000000000000000B0
:1078D80000000000000000000000000000000000A0
:1078E8000000000000000000000000000000000090
:1078F8000000000000000000000000000000000080
:10790800000000000000000000000000000000006F
:10791800000000000000000000000000000000005F
:10792800000000000000000000000000000000004F
:10793800000000000000000000000000000000003F
:10794800000000000000000000000000000000002F
:10795800000000000000000000000000000000001F
:10796800000000000000000000000000000000000F
:1079780000000000000000000000000000000000FF
:1079880000000000000000000000000000000000EF
:1079980000000000000000000000000000000000DF
:1079A80000000000000000000000000000000000CF
:1079B80000000000000000000000000000000000BF
:1079C80000000000000000000000000000000000AF
:1079D800000000000000000000000000000000009F
:1079E800000000000000000000000000000000008F
:1079F800000000000000000000000000000000007F
:107A0800000000000000000000000000000000006E
:107A1800000000000000000000000000000000005E
:107A2800000000000000000000000000000000004E
:107A3800000000000000000000000000000000003E
:107A4800000000000000000000000000000000002E
:107A5800000000000000000000000000000000001E
:107A6800000000000000000000000000000000000E
:107A780000000000000000000000000000000000FE
:107A880000000000000000000000000000000000EE
:107A980000000000000000000000000000000000DE
:107AA80000000000000000000000000000000000CE
:107AB80000000000000000000000000000000000BE
:107AC80000000000000000000000000000000000AE
:107AD800000000000000000000000000000000009E
:107AE800000000000000000000000000000000008E
:107AF800000000000000000000000000000000007E
:107B0800000000000000000000000000000000006D
:107B1800000000000000000000000000000000005D
:107B2800000000000000000000000000000000004D
:107B3800000000000000000000000000000000003D
:107B4800000000000000000000000000000000002D
:107B5800000000000000000000000000000000001D
:107B6800000000000000000000000000000000000D
:107B780000000000000000000000000000000000FD
:107B880000000000000000000000000000000000ED
:107B980000000000000000000000000000000000DD
:107BA80000000000000000000000000000000000CD
:107BB80000000000000000000000000000000000BD
:107BC80000000000000000000000000000000000AD
:107BD800000000000000000000000000000000009D
:107BE800000000000000000000000000000000008D
:107BF800000000000000000000000000000000007D
:107C0800000000000000000000000000000000006C
:107C1800000000000000000000000000000000005C
:107C2800000000000000000000000000000000004C
:107C3800000000000000000000000000000000003C
:107C4800000000000000000000000000000000002C
:107C5800000000000000000000000000000000001C
:107C6800000000000000000000000000000000000C
:107C780000000000000000000000000000000000FC
:107C880000000000000000000000000000000000EC
:107C980000000000000000000000000000000000DC
:107CA80000000000000000000000000000000000CC
:107CB80000000000000000000000000000000000BC
:107CC80000000000000000000000000000000000AC
:107CD800000000000000000000000000000000009C
:107CE800000000000000000000000000000000008C
:107CF800000000000000000000000000000000007C
:107D0800000000000000000000000000000000006B
:107D1800000000000000000000000000000000005B
:107D2800000000000000000000000000000000004B
:107D3800000000000000000000000000000000003B
:107D4800000000000000000000000000000000002B
:107D5800000000000000000000000000000000001B
:107D6800000000000000000000000000000000000B
:107D780000000000000000000000000000000000FB
:107D880000000000000000000000000000000000EB
:107D980000000000000000000000000000000000DB
:107DA80000000000000000000000000000000000CB
:107DB80000000000000000000000000000000000BB
:107DC80000000000000000000000000000000000AB
:107DD800000000000000000000000000000000009B
:107DE800000000000000000000000000000000008B
:107DF800000000000000000000000000000000007B
:107E0800000000000000000000000000000000006A
:107E1800000000000000000000000000000000005A
:107E2800000000000000000000000000000000004A
:107E3800000000000000000000000000000000003A
:107E4800000000000000000000000000000000002A
:107E5800000000000000000000000000000000001A
:107E6800000000000000000000000000000000000A
:107E780000000000000000000000000000000000FA
:107E880000000000000000000000000000000000EA
:107E980000000000000000000000000000000000DA
:107EA80000000000000000000000000000000000CA
:107EB80000000000000000000000000000000000BA
:107EC80000000000000000000000000000000000AA
:107ED800000000000000000000000000000000009A
:107EE800000000000000000000000000000000008A
:107EF800000000000000000000000000000000007A
:107F08000000000000000000000000000000000069
:107F18000000000000000000000000000000000059
:107F28000000000000000000000000000000000049
:107F38000000000000000000000000000000000039
:107F48000000000000000000000000000000000029
:107F58000000000000000000000000000000000019
:107F68000000000000000000000000000000000009
:107F780000000000000000000000000000000000F9
:107F880000000000000000000000000000000000E9
:107F980000000000000000000000000000000000D9
:107FA80000000000000000000000000000000000C9
:107FB80000000000000000000000000000000000B9
:107FC80000000000000000000000000000000000A9
:107FD8000000000000000000000000000000000099
:107FE8000000000000000000000000000000000089
:107FF8000000000000000000000000000000000079
:108008000000000000000000000000000000000068
:108018000000000000000000000000000000000058
:108028000000000000000000000000000000000048
:108038000000000000000000000000000000000038
:108048000000000000000000000000000000000028
:108058000000000000000000000000000000000018
:108068000000000000000000000000000000000008
:1080780000000000000000000000000000000000F8
:1080880000000000000000000000000000000000E8
:1080980000000000000000000000000000000000D8
:1080A80000000000000000000000000000000000C8
:1080B80000000000000000000000000000000000B8
:1080C80000000000000000000000000000000000A8
:1080D8000000000000000000000000000000000098
:1080E8000000000000000000000000000000000088
:1080F8000000000000000000000000000000000078
:108108000000000000000000000000000000000067
:108118000000000000000000000000000000000057
:108128000000000000000000000000000000000047
:108138000000000000000000000000000000000037
:108148000000000000000000000000000000000027
:108158000000000000000000000000000000000017
:108168000000000000000000000000000000000007
:1081780000000000000000000000000000000000F7
:1081880000000000000000000000000000000000E7
:1081980000000000000000000000000000000000D7
:1081A80000000000000000000000000000000000C7
:1081B80000000000000000000000000000000000B7
:1081C80000000000000000000000000000000000A7
:1081D8000000000000000000000000000000000097
:1081E8000000000000000000000000000000000087
:1081F8000000000000000000000000000000000077
:108208000000000000000000000000000000000066
:108218000000000000000000000000000000000056
:108228000000000000000000000000000000000046
:108238000000000000000000000000000000000036
:108248000000000000000000000000000000000026
:108258000000000000000000000000000000000016
:108268000000000000000000000000000000000006
:1082780000000000000000000000000000000000F6
:1082880000000000000000000000000000000000E6
:1082980000000000000000000000000000000000D6
:1082A80000000000000000000000000000000000C6
:1082B80000000000000000000000000000000000B6
:1082C80000000000000000000000000000000000A6
:1082D8000000000000000000000000000000000096
:1082E8000000000000000000000000000000000086
:1082F8000000000000000000000000000000000076
:108308000000000000000000000000000000000065
:108318000000000000000000000000000000000055
:108328000000000000000000000000000000000045
:108338000000000000000000000000000000000035
:108348000000000000000000000000000000000025
:108358000000000000000000000000000000000015
:108368000000000000000000000000000000000005
:1083780000000000000000000000000000000000F5
:1083880000000000000000000000000000000000E5
:1083980000000000000000000000000000000000D5
:1083A80000000000000000000000000000000000C5
:1083B80000000000000000000000000000000000B5
:1083C80000000000000000000000000000000000A5
:1083D8000000000000000000000000000000000095
:1083E8000000000000000000000000000000000085
:1083F8000000000000000000000000000000000075
:108408000000000000000000000000000000000064
:108418000000000000000000000000000000000054
:108428000000000000000000000000000000000044
:108438000000000000000000000000000000000034
:108448000000000000000000000000000000000024
:108458000000000000000000000000000000000014
:108468000000000000000000000000000000000004
:1084780000000000000000000000000000000000F4
:1084880000000000000000000000000000000000E4
:1084980000000000000000000000000000000000D4
:1084A80000000000000000000000000000000000C4
:1084B80000000000000000000000000000000000B4
:1084C80000000000000000000000000000000000A4
:1084D8000000000000000000000000000000000094
:1084E8000000000000000000000000000000000084
:1084F8000000000000000000000000000000000074
:108508000000000000000000000000000000000063
:108518000000000000000000000000000000000053
:108528000000000000000000000000000000000043
:108538000000000000000000000000000000000033
:108548000000000000000000000000000000000023
:108558000000000000000000000000000000000013
:108568000000000000000000000000000000000003
:1085780000000000000000000000000000000000F3
:1085880000000000000000000000000000000000E3
:1085980000000000000000000000000000000000D3
:1085A80000000000000000000000000000000000C3
:1085B80000000000000000000000000000000000B3
:1085C80000000000000000000000000000000000A3
:1085D8000000000000000000000000000000000093
:1085E8000000000000000000000000000000000083
:1085F8000000000000000000000000000000000073
:108608000000000000000000000000000000000062
:108618000000000000000000000000000000000052
:108628000000000000000000000000000000000042
:108638000000000000000000000000000000000032
:108648000000000000000000000000000000000022
:108658000000000000000000000000000000000012
:108668000000000000000000000000000000000002
:1086780000000000000000000000000000000000F2
:1086880000000000000000000000000000000000E2
:1086980000000000000000000000000000000000D2
:1086A80000000000000000000000000000000000C2
:1086B80000000000000000000000000000000000B2
:1086C80000000000000000000000000000000000A2
:1086D8000000000000000000000000000000000092
:1086E8000000000000000000000000000000000082
:1086F8000000000000000000000000000000000072
:108708000000000000000000000000000000000061
:108718000000000000000000000000000000000051
:108728000000000000000000000000000000000041
:108738000000000000000000000000000000000031
:108748000000000000000000000000000000000021
:108758000000000000000000000000000000000011
:108768000000000000000000000000000000000001
:1087780000000000000000000000000000000000F1
:1087880000000000000000000000000000000000E1
:1087980000000000000000000000000000000000D1
:1087A80000000000000000000000000000000000C1
:1087B80000000000000000000000000000000000B1
:1087C80000000000000000000000000000000000A1
:1087D8000000000000000000000000000000000091
:1087E8000000000000000000000000000000000081
:1087F8000000000000000000000000000000000071
:108808000000000000000000000000000000000060
:108818000000000000000000000000000000000050
:108828000000000000000000000000000000000040
:108838000000000000000000000000000000000030
:108848000000000000000000000000000000000020
:108858000000000000000000000000000000000010
:108868000000000000000000000000000000000000
:1088780000000000000000000000000000000000F0
:1088880000000000000000000000000000000000E0
:1088980000000000000000000000000000000000D0
:1088A80000000000000000000000000000000000C0
:1088B80000000000000000000000000000000000B0
:1088C80000000000000000000000000000000000A0
:1088D8000000000000000000000000000000000090
:1088E8000000000000000000000000000000000080
:1088F8000000000000000000000000000000000070
:10890800000000000000000000000000000000005F
:10891800000000000000000000000000000000004F
:10892800000000000000000000000000000000003F
:10893800000000000000000000000000000000002F
:10894800000000000000000000000000000000001F
:10895800000000000000000000000000000000000F
:1089680000000000000000000000000000000000FF
:1089780000000000000000000000000000000000EF
:1089880000000000000000000000000000000000DF
:1089980000000000000000000000000000000000CF
:1089A80000000000000000000000000000000000BF
:1089B80000000000000000000000000000000000AF
:1089C800000000000000000000000000000000009F
:1089D800000000000000000000000000000000008F
:1089E800000000000000000000000000000000007F
:1089F800000000000000000000000000000000006F
:108A0800000000000000000000000000000000005E
:108A1800000000000000000000000000000000004E
:108A2800000000000000000000000000000000003E
:108A3800000000000000000000000000000000002E
:108A4800000000000000000000000000000000001E
:108A5800000000000000000000000000000000000E
:108A680000000000000000000000000000000000FE
:108A780000000000000000000000000000000000EE
:108A880000000000000000000000000000000000DE
:108A980000000000000000000000000000000000CE
:108AA80000000000000000000000000000000000BE
:108AB80000000000000000000000000000000000AE
:108AC800000000000000000000000000000000009E
:108AD800000000000000000000000000000000008E
:108AE800000000000000000000000000000000007E
:108AF800000000000000000000000000000000006E
:108B0800000000000000000000000000000000005D
:108B1800000000000000000000000000000000004D
:108B2800000000000000000000000000000000003D
:108B3800000000000000000000000000000000002D
:108B4800000000000000000000000000000000001D
:108B5800000000000000000000000000000000000D
:108B680000000000000000000000000000000000FD
:108B780000000000000000000000000000000000ED
:108B880000000000000000000000000000000000DD
:108B980000000000000000000000000000000000CD
:108BA80000000000000000000000000000000000BD
:108BB80000000000000000000000000000000000AD
:108BC800000000000000000000000000000000009D
:108BD800000000000000000000000000000000008D
:108BE800000000000000000000000000000000007D
:108BF800000000000000000000000000000000006D
:108C0800000000000000000000000000000000005C
:108C1800000000000000000000000000000000004C
:108C2800000000000000000000000000000000003C
:108C3800000000000000000000000000000000002C
:108C4800000000000000000000000000000000001C
:108C5800000000000000000000000000000000000C
:108C680000000000000000000000000000000000FC
:108C780000000000000000000000000000000000EC
:108C880000000000000000000000000000000000DC
:108C980000000000000000000000000000000000CC
:108CA80000000000000000000000000000000000BC
:108CB80000000000000000000000000000000000AC
:108CC800000000000000000000000000000000009C
:108CD800000000000000000000000000000000008C
:108CE800000000000000000000000000000000007C
:108CF800000000000000000000000000000000006C
:108D0800000000000000000000000000000000005B
:108D1800000000000000000000000000000000004B
:108D2800000000000000000000000000000000003B
:108D3800000000000000000000000000000000002B
:108D4800000000000000000000000000000000001B
:108D5800000000000000000000000000000000000B
:108D680000000000000000000000000000000000FB
:108D780000000000000000000000000000000000EB
:108D880000000000000000000000000000000000DB
:108D980000000000000000000000000000000000CB
:108DA80000000000000000000000000000000000BB
:108DB80000000000000000000000000000000000AB
:108DC800000000000000000000000000000000009B
:108DD800000000000000000000000000000000008B
:108DE800000000000000000000000000000000007B
:108DF800000000000000000000000000000000006B
:108E0800000000000000000000000000000000005A
:108E1800000000000000000000000000000000004A
:108E2800000000000000000000000000000000003A
:108E3800000000000000000000000000000000002A
:108E4800000000000000000000000000000000001A
:108E5800000000000000000000000000000000000A
:108E680000000000000000000000000000000000FA
:108E780000000000000000000000000000000000EA
:108E880000000000000000000000000000000000DA
:108E980000000000000000000000000000000000CA
:108EA80000000000000000000000000000000000BA
:108EB80000000000000000000000000000000000AA
:108EC800000000000000000000000000000000009A
:108ED800000000000000000000000000000000008A
:108EE800000000000000000000000000000000007A
:108EF800000000000000000000000000000000006A
:108F08000000000000000000000000000000000059
:108F18000000000000000000000000000000000049
:108F28000000000000000000000000000000000039
:108F38000000000000000000000000000000000029
:108F48000000000000000000000000000000000019
:108F58000000000000000000000000000000000009
:108F680000000000000000000000000000000000F9
:108F780000000000000000000000000000000000E9
:108F880000000000000000000000000000000000D9
:108F980000000000000000000000000000000000C9
:108FA80000000000000000000000000000000000B9
:108FB80000000000000000000000000000000000A9
:108FC8000000000000000000000000000000000099
:108FD8000000000000000000000000000000000089
:108FE8000000000000000000000000000000000079
:108FF8000000000000000000000000000000000069
:109008000000000000000000000000000000000058
:109018000000000000000000000000000000000048
:109028000000000000000000000000000000000038
:109038000000000000000000000000000000000028
:109048000000000000000000000000000000000018
:109058000000000000000000000000000000000008
:1090680000000000000000000000000000000000F8
:1090780000000000000000000000000000000000E8
:1090880000000000000000000000000000000000D8
:1090980000000000000000000000000000000000C8
:1090A80000000000000000000000000000000000B8
:1090B80000000000000000000000000000000000A8
:1090C8000000000000000000000000000000000098
:1090D8000000000000000000000000000000000088
:1090E8000000000000000000000000000000000078
:1090F8000000000000000000000000000000000068
:109108000000000000000000000000000000000057
:109118000000000000000000000000000000000047
:109128000000000000000000000000000000000037
:109138000000000000000000000000000000000027
:109148000000000000000000000000000000000017
:109158000000000000000000000000000000000007
:1091680000000000000000000000000000000000F7
:1091780000000000000000000000000000000000E7
:1091880000000000000000000000000000000000D7
:1091980000000000000000000000000000000000C7
:1091A80000000000000000000000000000000000B7
:1091B80000000000000000000000000000000000A7
:1091C8000000000000000000000000000000000097
:1091D8000000000000000000000000000000000087
:1091E8000000000000000000000000000000000077
:1091F8000000000000000000000000000000000067
:109208000000000000000000000000000000000056
:109218000000000000000000000000000000000046
:109228000000000000000000000000000000000036
:109238000000000000000000000000000000000026
:109248000000000000000000000000000000000016
:109258000000000000000000000000000000000006
:1092680000000000000000000000000000000000F6
:1092780000000000000000000000000000000000E6
:1092880000000000000000000000000000000000D6
:1092980000000000000000000000000000000000C6
:1092A80000000000000000000000000000000000B6
:1092B80000000000000000000000000000000000A6
:1092C8000000000000000000000000000000000096
:1092D8000000000000000000000000000000000086
:1092E8000000000000000000000000000000000076
:1092F8000000000000000000000000000000000066
:109308000000000000000000000000000000000055
:109318000000000000000000000000000000000045
:109328000000000000000000000000000000000035
:109338000000000000000000000000000000000025
:109348000000000000000000000000000000000015
:109358000000000000000000000000000000000005
:1093680000000000000000000000000000000000F5
:1093780000000000000000000000000000000000E5
:1093880000000000000000000000000000000000D5
:1093980000000000000000000000000000000000C5
:1093A80000000000000000000000000000000000B5
:1093B80000000000000000000000000000000000A5
:1093C8000000000000000000000000000000000095
:1093D8000000000000000000000000000000000085
:1093E8000000000000000000000000000000000075
:1093F8000000000000000000000000000000000065
:109408000000000000000000000000000000000054
:109418000000000000000000000000000000000044
:109428000000000000000000000000000000000034
:109438000000000000000000000000000000000024
:109448000000000000000000000000000000000014
:109458000000000000000000000000000000000004
:1094680000000000000000000000000000000000F4
:1094780000000000000000000000000000000000E4
:1094880000000000000000000000000000000000D4
:1094980000000000000000000000000000000000C4
:1094A80000000000000000000000000000000000B4
:1094B80000000000000000000000000000000000A4
:1094C8000000000000000000000000000000000094
:1094D8000000000000000000000000000000000084
:1094E8000000000000000000000000000000000074
:1094F8000000000000000000000000000000000064
:109508000000000000000000000000000000000053
:109518000000000000000000000000000000000043
:109528000000000000000000000000000000000033
:109538000000000000000000000000000000000023
:109548000000000000000000000000000000000013
:109558000000000000000000000000000000000003
:1095680000000000000000000000000000000000F3
:1095780000000000000000000000000000000000E3
:1095880000000000000000000000000000000000D3
:1095980000000000000000000000000000000000C3
:1095A80000000000000000000000000000000000B3
:1095B80000000000000000000000000000000000A3
:1095C8000000000000000000000000000000000093
:1095D8000000000000000000000000000000000083
:1095E8000000000000000000000000000000000073
:1095F8000000000000000000000000000000000063
:109608000000000000000000000000000000000052
:109618000000000000000000000000000000000042
:109628000000000000000000000000000000000032
:109638000000000000000000000000000000000022
:109648000000000000000000000000000000000012
:109658000000000000000000000000000000000002
:1096680000000000000000000000000000000000F2
:1096780000000000000000000000000000000000E2
:1096880000000000000000000000000000000000D2
:1096980000000000000000000000000000000000C2
:1096A80000000000000000000000000000000000B2
:1096B80000000000000000000000000000000000A2
:1096C8000000000000000000000000000000000092
:1096D8000000000000000000000000000000000082
:1096E8000000000000000000000000000000000072
:1096F8000000000000000000000000000000000062
:109708000000000000000000000000000000000051
:109718000000000000000000000000000000000041
:109728000000000000000000000000000000000031
:109738000000000000000000000000000000000021
:109748000000000000000000000000000000000011
:109758000000000000000000000000000000000001
:1097680000000000000000000000000000000000F1
:1097780000000000000000000000000000000000E1
:1097880000000000000000000000000000000000D1
:1097980000000000000000000000000000000000C1
:1097A80000000000000000000000000000000000B1
:1097B80000000000000000000000000000000000A1
:1097C8000000000000000000000000000000000091
:1097D8000000000000000000000000000000000081
:1097E8000000000000000000000000000000000071
:1097F8000000000000000000000000000000000061
:109808000000000000000000000000000000000050
:109818000000000000000000000000000000000040
:109828000000000000000000000000000000000030
:109838000000000000000000000000000000000020
:109848000000000000000000000000000000000010
:109858000000000000000000000000000000000000
:1098680000000000000000000000000000000000F0
:1098780000000000000000000000000000000000E0
:1098880000000000000000000000000000000000D0
:1098980000000000000000000000000000000000C0
:1098A80000000000000000000000000000000000B0
:1098B80000000000000000000000000000000000A0
:1098C8000000000000000000000000000000000090
:1098D8000000000000000000000000000000000080
:1098E8000000000000000000000000000000000070
:1098F8000000000000000000000000000000000060
:10990800000000000000000000000000000000004F
:10991800000000000000000000000000000000003F
:10992800000000000000000000000000000000002F
:10993800000000000000000000000000000000001F
:10994800000000000000000000000000000000000F
:1099580000000000000000000000000000000000FF
:1099680000000000000000000000000000000000EF
:1099780000000000000000000000000000000000DF
:1099880000000000000000000000000000000000CF
:1099980000000000000000000000000000000000BF
:1099A80000000000000000000000000000000000AF
:1099B800000000000000000000000000000000009F
:1099C800000000000000000000000000000000008F
:1099D800000000000000000000000000000000007F
:1099E800000000000000000000000000000000006F
:1099F800000000000000000000000000000000005F
:109A0800000000000000000000000000000000004E
:109A1800000000000000000000000000000000003E
:109A2800000000000000000000000000000000002E
:109A3800000000000000000000000000000000001E
:109A4800000000000000000000000000000000000E
:109A580000000000000000000000000000000000FE
:109A680000000000000000000000000000000000EE
:109A780000000000000000000000000000000000DE
:109A880000000000000000000000000000000000CE
:109A980000000000000000000000000000000000BE
:109AA80000000000000000000000000000000000AE
:109AB800000000000000000000000000000000009E
:109AC800000000000000000000000000000000008E
:109AD800000000000000000000000000000000007E
:109AE800000000000000000000000000000000006E
:109AF800000000000000000000000000000000005E
:109B0800000000000000000000000000000000004D
:109B1800000000000000000000000000000000003D
:109B2800000000000000000000000000000000002D
:109B3800000000000000000000000000000000001D
:109B4800000000000000000000000000000000000D
:109B580000000000000000000000000000000000FD
:109B680000000000000000000000000000000000ED
:109B780000000000000000000000000000000000DD
:109B880000000000000000000000000000000000CD
:109B980000000000000000000000000000000000BD
:109BA80000000000000000000000000000000000AD
:109BB800000000000000000000000000000000009D
:109BC800000000000000000000000000000000008D
:109BD800000000000000000000000000000000007D
:109BE800000000000000000000000000000000006D
:109BF800000000000000000000000000000000005D
:109C0800000000000000000000000000000000004C
:109C1800000000000000000000000000000000003C
:109C2800000000000000000000000000000000002C
:109C3800000000000000000000000000000000001C
:109C4800000000000000000000000000000000000C
:109C580000000000000000000000000000000000FC
:109C680000000000000000000000000000000000EC
:109C780000000000000000000000000000000000DC
:109C880000000000000000000000000000000000CC
:109C980000000000000000000000000000000000BC
:109CA80000000000000000000000000000000000AC
:109CB800000000000000000000000000000000009C
:109CC800000000000000000000000000000000008C
:109CD800000000000000000000000000000000007C
:109CE800000000000000000000000000000000006C
:109CF800000000000000000000000000000000005C
:109D0800000000000000000000000000000000004B
:109D1800000000000000000000000000000000003B
:109D2800000000000000000000000000000000002B
:109D3800000000000000000000000000000000001B
:109D4800000000000000000000000000000000000B
:109D580000000000000000000000000000000000FB
:109D680000000000000000000000000000000000EB
:109D780000000000000000000000000000000000DB
:109D880000000000000000000000000000000000CB
:109D980000000000000000000000000000000000BB
:109DA80000000000000000000000000000000000AB
:109DB800000000000000000000000000000000009B
:109DC800000000000000000000000000000000008B
:109DD800000000000000000000000000000000007B
:109DE800000000000000000000000000000000006B
:109DF800000000000000000000000000000000005B
:109E0800000000000000000000000000000000004A
:109E1800000000000000000000000000000000003A
:109E2800000000000000000000000000000000002A
:109E3800000000000000000000000000000000001A
:109E4800000000000000000000000000000000000A
:109E580000000000000000000000000000000000FA
:109E680000000000000000000000000000000000EA
:109E780000000000000000000000000000000000DA
:109E880000000000000000000000000000000000CA
:109E980000000000000000000000000000000000BA
:109EA80000000000000000000000000000000000AA
:109EB800000000000000000000000000000000009A
:109EC800000000000000000000000000000000008A
:109ED800000000000000000000000000000000007A
:109EE800000000000000000000000000000000006A
:109EF800000000000000000000000000000000005A
:109F08000000000000000000000000000000000049
:109F18000000000000000000000000000000000039
:109F28000000000000000000000000000000000029
:109F38000000000000000000000000000000000019
:109F48000000000000000000000000000000000009
:109F580000000000000000000000000000000000F9
:109F680000000000000000000000000000000000E9
:109F780000000000000000000000000000000000D9
:109F880000000000000000000000000000000000C9
:109F980000000000000000000000000000000000B9
:109FA80000000000000000000000000000000000A9
:109FB8000000000000000000000000000000000099
:109FC8000000000000000000000000000000000089
:109FD8000000000000000000000000000000000079
:109FE8000000000000000000000000000000000069
:109FF8000000000000000000000000000000000059
:10A008000000000000000000000000000000000048
:10A018000000000000000000000000000000000038
:10A028000000000000000000000000000000000028
:10A038000000000000000000000000000000000018
:10A048000000000000000000000000000000000008
:10A0580000000000000000000000000000000000F8
:10A0680000000000000000000000000000000000E8
:10A0780000000000000000000000000000000000D8
:10A0880000000000000000000000000000000000C8
:10A0980000000000000000000000000000000000B8
:10A0A80000000000000000000000000000000000A8
:10A0B8000000000000000000000000000000000098
:10A0C8000000000000000000000000000000000088
:10A0D8000000000000000000000000000000000078
:10A0E8000000000000000000000000000000000068
:10A0F8000000000000000000000000000000000058
:10A108000000000000000000000000000000000047
:10A118000000000000000000000000000000000037
:10A128000000000000000000000000000000000027
:10A138000000000000000000000000000000000017
:10A148000000000000000000000000000000000007
:10A1580000000000000000000000000000000000F7
:10A1680000000000000000000000000000000000E7
:10A1780000000000000000000000000000000000D7
:10A1880000000000000000000000000000000000C7
:10A1980000000000000000000000000000000000B7
:10A1A80000000000000000000000000000000000A7
:10A1B8000000000000000000000000000000000097
:10A1C8000000000000000000000000000000000087
:10A1D8000000000000000000000000000000000077
:10A1E8000000000000000000000000000000000067
:10A1F8000000000000000000000000000000000057
:10A208000000000000000000000000000000000046
:10A218000000000000000000000000000000000036
:10A228000000000000000000000000000000000026
:10A238000000000000000000000000000000000016
:10A248000000000000000000000000000000000006
:10A2580000000000000000000000000000000000F6
:10A2680000000000000000000000000000000000E6
:10A2780000000000000000000000000000000000D6
:10A2880000000000000000000000000000000000C6
:10A2980000000000000000000000000000000000B6
:10A2A80000000000000000000000000000000000A6
:10A2B8000000000000000000000000000000000096
:10A2C8000000000000000000000000000000000086
:10A2D8000000000000000000000000000000000076
:10A2E8000000000000000000000000000000000066
:10A2F8000000000000000000000000000000000056
:10A308000000000000000000000000000000000045
:10A318000000000000000000000000000000000035
:10A328000000000000000000000000000000000025
:10A338000000000000000000000000000000000015
:10A348000000000000000000000000000000000005
:10A3580000000000000000000000000000000000F5
:10A3680000000000000000000000000000000000E5
:10A3780000000000000000000000000000000000D5
:10A3880000000000000000000000000000000000C5
:10A3980000000000000000000000000000000000B5
:10A3A80000000000000000000000000000000000A5
:10A3B8000000000000000000000000000000000095
:10A3C8000000000000000000000000000000000085
:10A3D8000000000000000000000000000000000075
:10A3E8000000000000000000000000000000000065
:10A3F8000000000000000000000000000000000055
:10A408000000000000000000000000000000000044
:10A418000000000000000000000000000000000034
:10A428000000000000000000000000000000000024
:10A438000000000000000000000000000000000014
:10A448000000000000000000000000000000000004
:10A4580000000000000000000000000000000000F4
:10A4680000000000000000000000000000000000E4
:10A4780000000000000000000000000000000000D4
:10A4880000000000000000000000000000000000C4
:10A4980000000000000000000000000000000000B4
:10A4A80000000000000000000000000000000000A4
:10A4B8000000000000000000000000000000000094
:10A4C8000000000000000000000000000000000084
:10A4D8000000000000000000000000000000000074
:10A4E8000000000000000000000000000000000064
:10A4F8000000000000000000000000000000000054
:10A508000000000000000000000000000000000043
:10A518000000000000000000000000000000000033
:10A528000000000000000000000000000000000023
:10A538000000000000000000000000000000000013
:10A548000000000000000000000000000000000003
:10A5580000000000000000000000000000000000F3
:10A5680000000000000000000000000000000000E3
:10A5780000000000000000000000000000000000D3
:10A5880000000000000000000000000000000000C3
:10A5980000000000000000000000000000000000B3
:10A5A80000000000000000000000000000000000A3
:10A5B8000000000000000000000000000000000093
:10A5C8000000000000000000000000000000000083
:10A5D8000000000000000000000000000000000073
:10A5E8000000000000000000000000000000000063
:10A5F8000000000000000000000000000000000053
:10A608000000000000000000000000000000000042
:10A618000000000000000000000000000000000032
:10A628000000000000000000000000000000000022
:10A638000000000000000000000000000000000012
:10A648000000000000000000000000000000000002
:10A6580000000000000000000000000000000000F2
:10A6680000000000000000000000000000000000E2
:10A6780000000000000000000000000000000000D2
:10A6880000000000000000000000000000000000C2
:10A6980000000000000000000000000000000000B2
:10A6A80000000000000000000000000000000000A2
:10A6B8000000000000000000000000000000000092
:10A6C8000000000000000000000000000000000082
:10A6D8000000000000000000000000000000000072
:10A6E8000000000000000000000000000000000062
:10A6F8000000000000000000000000000000000052
:10A708000000000000000000000000000000000041
:10A718000000000000000000000000000000000031
:10A728000000000000000000000000000000000021
:10A738000000000000000000000000000000000011
:10A748000000000000000000000000000000000001
:10A7580000000000000000000000000000000000F1
:10A7680000000000000000000000000000000000E1
:10A7780000000000000000000000000000000000D1
:10A7880000000000000000000000000000000000C1
:10A7980000000000000000000000000000000000B1
:10A7A80000000000000000000000000000000000A1
:10A7B8000000000000000000000000000000000091
:10A7C8000000000000000000000000000000000081
:10A7D8000000000000000000000000000000000071
:10A7E8000000000000000000000000000000000061
:10A7F8000000000000000000000000000000000051
:10A808000000000000000000000000000000000040
:10A818000000000000000000000000000000000030
:10A828000000000000000000000000000000000020
:10A838000000000000000000000000000000000010
:10A848000000000000000000000000000000000000
:10A8580000000000000000000000000000000000F0
:10A8680000000000000000000000000000000000E0
:10A8780000000000000000000000000000000000D0
:10A8880000000000000000000000000000000000C0
:10A8980000000000000000000000000000000000B0
:10A8A80000000000000000000000000000000000A0
:10A8B8000000000000000000000000000000000090
:10A8C8000000000000000000000000000000000080
:10A8D8000000000000000000000000000000000070
:10A8E8000000000000000000000000000000000060
:10A8F8000000000000000000000000000000000050
:10A90800000000000000000000000000000000003F
:10A91800000000000000000000000000000000002F
:10A92800000000000000000000000000000000001F
:10A93800000000000000000000000000000000000F
:10A9480000000000000000000000000000000000FF
:10A9580000000000000000000000000000000000EF
:10A9680000000000000000000000000000000000DF
:10A9780000000000000000000000000000000000CF
:10A9880000000000000000000000000000000000BF
:10A9980000000000000000000000000000000000AF
:10A9A800000000000000000000000000000000009F
:10A9B800000000000000000000000000000000008F
:10A9C800000000000000000000000000000000007F
:10A9D800000000000000000000000000000000006F
:10A9E800000000000000000000000000000000005F
:10A9F800000000000000000000000000000000004F
:10AA0800000000000000000000000000000000003E
:10AA1800000000000000000000000000000000002E
:10AA2800000000000000000000000000000000001E
:10AA3800000000000000000000000000000000000E
:10AA480000000000000000000000000000000000FE
:10AA580000000000000000000000000000000000EE
:10AA680000000000000000000000000000000000DE
:10AA780000000000000000000000000000000000CE
:10AA880000000000000000000000000000000000BE
:10AA980000000000000000000000000000000000AE
:10AAA800000000000000000000000000000000009E
:10AAB800000000000000000000000000000000008E
:10AAC800000000000000000000000000000000007E
:10AAD800000000000000000000000000000000006E
:10AAE800000000000000000000000000000000005E
:10AAF800000000000000000000000000000000004E
:10AB0800000000000000000000000000000000003D
:10AB1800000000000000000000000000000000002D
:10AB2800000000000000000000000000000000001D
:10AB3800000000000000000000000000000000000D
:10AB480000000000000000000000000000000000FD
:10AB580000000000000000000000000000000000ED
:10AB680000000000000000000000000000000000DD
:10AB780000000000000000000000000000000000CD
:10AB880000000000000000000000000000000000BD
:10AB980000000000000000000000000000000000AD
:10ABA800000000000000000000000000000000009D
:10ABB800000000000000000000000000000000008D
:10ABC800000000000000000000000000000000007D
:10ABD800000000000000000000000000000000006D
:10ABE800000000000000000000000000000000005D
:10ABF800000000000000000000000000000000004D
:10AC0800000000000000000000000000000000003C
:10AC1800000000000000000000000000000000002C
:10AC2800000000000000000000000000000000001C
:10AC3800000000000000000000000000000000000C
:10AC480000000000000000000000000000000000FC
:10AC580000000000000000000000000000000000EC
:10AC680000000000000000000000000000000000DC
:10AC780000000000000000000000000000000000CC
:10AC880000000000000000000000000000000000BC
:10AC980000000000000000000000000000000000AC
:10ACA800000000000000000000000000000000009C
:10ACB800000000000000000000000000000000008C
:10ACC800000000000000000000000000000000007C
:10ACD800000000000000000000000000000000006C
:10ACE800000000000000000000000000000000005C
:10ACF800000000000000000000000000000000004C
:10AD0800000000000000000000000000000000003B
:10AD1800000000000000000000000000000000002B
:10AD2800000000000000000000000000000000001B
:10AD3800000000000000000000000000000000000B
:10AD480000000000000000000000000000000000FB
:10AD580000000000000000000000000000000000EB
:10AD680000000000000000000000000000000000DB
:10AD780000000000000000000000000000000000CB
:10AD880000000000000000000000000000000000BB
:10AD980000000000000000000000000000000000AB
:10ADA800000000000000000000000000000000009B
:10ADB800000000000000000000000000000000008B
:10ADC800000000000000000000000000000000007B
:10ADD800000000000000000000000000000000006B
:10ADE800000000000000000000000000000000005B
:10ADF800000000000000000000000000000000004B
:10AE0800000000000000000000000000000000003A
:10AE1800000000000000000000000000000000002A
:10AE2800000000000000000000000000000000001A
:10AE3800000000000000000000000000000000000A
:10AE480000000000000000000000000000000000FA
:10AE580000000000000000000000000000000000EA
:10AE680000000000000000000000000000000000DA
:10AE780000000000000000000000000000000000CA
:10AE880000000000000000000000000000000000BA
:10AE980000000000000000000000000000000000AA
:10AEA800000000000000000000000000000000009A
:10AEB800000000000000000000000000000000008A
:10AEC800000000000000000000000000000000007A
:10AED800000000000000000000000000000000006A
:10AEE800000000000000000000000000000000005A
:00000001FF
