:040000006F00304815
:1000040000000000000000006F0050446F00304406
:1000140011BFF9F70000000000000000000000001C
:1000240000000000000000000000000000000000CC
:100034006F001042000000006F00B041000000009B
:100044006F0050416F10D0046F0010416F00F040FA
:100054006F1090036F10B00C6F0090406F007040F1
:100064006F0050406F10401B6F0010406F00F03F56
:100074006F0010046F00B03F6F00903F6F00703F3F
:100084006F00503F6F00303F6F00103F6F00F03E35
:100094006F00D03E000000000000000000000000DF
:1000A400000000000000000000000000000000004C
:0C00B40000000000000000000000000040
:1000C000B78700401307001498C34947D8C3375770
:1000D0004C00130717B4B786004011A03DCB9C4AD3
:1000E0007D17918BE5FF23AE060623AC060623A6FB
:1000F000060823A4060823AE060823AC060823A698
:10010000060A23A4060A23AE060A23AC060A23A67F
:10011000060C23A4060C23AE060C23AC060C23A667
:10012000060E23A4060ECD47DCD2B7070300938743
:1001300017029CD2B7C7100023A806069387D7C71B
:100140009CC69C42014593E727009CC28947DCC2BC
:100150008280054582804545828093178501E1872D
:100160001D8963CC0700C1673395A700B78700409E
:10017000B85B81CD3A95A8DB8280B7070001339543
:10018000A700B7870040B85BF5F51345F5FF798DFB
:10019000A8DB8280B787004088DF8280B787004075
:1001A0002147D8D3985311C5B7060800369798D37E
:1001B0008280B706F8FFFD16758F98D38280B787C7
:1001C00000409387870712053E951C4113D707010E
:1001D0002310F6007D8BF5832380E500858B23803B
:1001E000F6008280B78700409387870712053E9507
:1001F0001C414206EA054D8E5D8E10C18280B78794
:1002000000409387870712053E951C413707E0039E
:10021000F98F1CC18280B78700409387870712053A
:100220003E951C41860785831CC18280B7870040AC
:100230009387870712053E9508416181137505086C
:100240008280B78700409387C70712053E95C20694
:100250006A061C41D18E1377F77FD98EF205CD8EB9
:10026000DD8E14C18280B78700409387C7071205CF
:100270003E951C41860785831CC18280B78700405C
:100280009387C70712053E951C413707E003F98F96
:100290001CC18280B78700409387C70712053E952F
:1002A00008416181137505088280B78700409387F4
:1002B000C70712053E95084141817D898280937769
:1002C000F50062058A079A056185CD8F63480500B0
:1002D00093E71700378700407CC3828093E737009D
:1002E000378700407CC38280378700401C536205FB
:1002F000A207A1831CD31C535D8D08D38280B786CF
:100300000040DC4237870040F19B5D8DC8C21C4B2A
:10031000918BF5FF8280B78700408853618182808E
:10032000B7870040A85F1375F57F8280411122C412
:10033000378400405C5006C6858BC9C75C50585056
:10034000A18331839D8B058BA5E379EB3C5C1397EF
:100350001700635B070E232C040678587458B70700
:1003600002203E97B69783C707000344070093F720
:10037000070663900710EF10402D62046184C16787
:10038000634104121387F7FF630FE5126306051438
:10039000130700206366A70437870040B7060104EF
:1003A00034DF85077CC32DA8FD178A0739E7370797
:1003B0000020130787012244BA97B24003A3C70164
:1003C000410102835C50898B85C33C4C1307000AB2
:1003D00093F7071E638EE702B78700400947D8D31B
:1003E000B2402244410182805C50A18BF5DB085869
:1003F000EF204006A1475CD0E5B737070020130780
:1004000087012244BA97B24003A307004101028347
:100410009307002C3CC423260404232804046DBF46
:10042000EF10203E83A68185850623ACD18429E583
:1004300023AC0184B70701147CDCB70701043CDC62
:10044000930710047CC069BF3C5C13972700635975
:100450000700EF106042232E0406232C040649B740
:10046000EF104041B70701043CDC930710047CC047
:1004700085BFEF10C01111B7232C04067C5C03A7C5
:100480008185B70620EC938606C05607F58FD98F75
:10049000C98F37070114D98F7CDC930710047CC007
:1004A00081B7FD176301F50205C993070020E3E951
:1004B000A7F237070114B7870040598DE8DF13070B
:1004C0001004F8C331BFB787004037070108F8DFD1
:1004D00013071004F8C329B7B78700403707010492
:1004E000B8DF13071004F8C3E5BD3D432A876373E3
:1004F000C3029377F700BDEFADE5937606FF3D8A23
:10050000BA960CC34CC30CC74CC74107E36BD7FE6C
:1005100011E28280B306C3408A06970200009696D5
:100520006780A6002307B700A306B7002306B7001D
:10053000A305B7002305B700A304B7002304B70041
:10054000A303B7002303B700A302B7002302B70039
:10055000A301B7002301B700A300B7002300B70031
:10056000828093F5F50F93968500D58D93960501BE
:10057000D58D61B7939627009702000096968682E4
:10058000E78086FA9680C1171D8F3E96E374C3F804
:10059000A5B7B7D7F00893870718B3D7A70229459F
:1005A0003737004085462307D7409507B3D7A702C2
:1005B000C207C1832316F740930770FC2301F7405D
:1005C0008D47A301F74093070004A300F740B71736
:1005D0000040F84F13670718F8CFB84313670710A8
:1005E000B8C38280B7170040B843B716200093867F
:1005F00006A0558FB8C3B84F856693860680558F81
:10060000B8CFB84313670740B8C38280411106C60C
:10061000D13FB767004003C707001377270F238038
:10062000E70003C70700136717002380E70003C72D
:100630000700136787002380E70003C707001377CD
:10064000F7072380E70003C707001377F70B238022
:10065000E70003C707001377F70D2380E70003C700
:10066000370013670702A381E70003C7370013674A
:100670003700A381E70003C737001377B70FA381C3
:10068000E70003C737001377770EA381E70003C79E
:1006900017001377770EA380E70003C727001367BF
:1006A00017002381E70003C7270013674700238152
:1006B000E70003C72700136727002381E70003C76C
:1006C0002700136747002381E70023A0070237575D
:1006D000022023A2070213070720D8C3376702208E
:1006E00013070720D8C705677D17239AE700239CC7
:1006F000E70003C7170013673700A380E700B24085
:10070000B7E700E03707001023A0E710410182801F
:10071000397126DAB7142707138504E006DE22DCD8
:100720004AD84ED652D456D25AD05ECE62CC66CA81
:100730006AC8B92C138504E09D2171651305052055
:10074000893D3714004083451400373500001305F8
:100750008577EF10B05B37350000938504E0130513
:100760000579EF10B05A373500001305457AEF10C0
:10077000906B89450565112EA14511653926A14566
:10078000216521267C441167D98F7CC47C44216774
:10079000D98F7CC4371700407C4393963701E3DD43
:1007A00006FE130540069121371700407C439396BF
:1007B0003701E3DD06FE373500001305057BEF103A
:1007C0009066A935130540060D21B797004023A078
:1007D000070037071000B7E700E023A0E71037074E
:1007E000200023A0E7103707020023A0E7103755A9
:1007F000FE03B727004005472381E7001305056C7A
:1008000035290545EF00F04AB7540220B78700406C
:1008100093840420376902209309092023A89708AC
:100820000564375A424F956A23A03709B78B0040B9
:10083000930C900F4E94130A5A35938AEAC4130D01
:100840009005A382018411468545094523A89B088C
:10085000513A91450945A53402C6B24763D8FC0414
:1008600083C7518493F7F70FE5DF05669305500AB8
:10087000130509209D39232844FF231A54FF230B15
:10088000A4FF238201848545054523A03B09130766
:100890000040914605467532914513051008053410
:1008A00083C7418493F7F70FE5DF61BFB247850740
:1008B0003EC665B713870183B767004003C687024A
:1008C00083460700D18E2300D70003C78702058B1C
:1008D00019CB05472384E7022389E1823757022099
:1008E00013070720D8C3B767004003C78702098BE7
:1008F0003DCF03C79702B70600201377F70FA389F0
:10090000E60A03C7B702B70600201377F70F23895B
:10091000E60A03D76701B706002042074183239800
:10092000E60A945323A2D18009472384E70283C7B0
:100930009702898B99C73735000013050575EF10AD
:10094000904EB767004083C79702918B99C73735A0
:1009500000001305C575EF10104D0547A388E1820F
:10096000B767022093870720376700405CC7376767
:10097000004083478702918B91CB91473735000028
:100980002304F7021305C576EF10F04973002030F9
:10099000B7470F00938707243355F5029307C00329
:1009A0001375F50F630CF50863EDA700BD476303EE
:1009B000F504F9476303F506B717004023800700E5
:1009C0008280930700066308F50893078007630198
:1009D000F50A93070005E311F5FEB717004013076A
:1009E00070052380E700130780FA2380E7001307D0
:1009F000600481A0B7170040130770052380E7004B
:100A0000130780FA2380E700130720042384E700FC
:100A1000130700F82385E70045B7B7170040130711
:100A200070052380E700130780FA2380E70013078F
:100A300000042384E700130720F8E9BFB71700403C
:100A4000130770052380E700130780FA2380E7006F
:100A500013078004F9BFB717004013077005238000
:100A6000E700130780FA2380E70013075004D1B78B
:100A7000B7170040130770052380E700130780FABB
:100A80002380E700130740046DB7A94763E6B70268
:100A90008D679387477C8A05BE959C418287B717EF
:100AA0000040F84B1345F5FF698FF8CBB84B698FC1
:100AB000B8CBB843798DA8C38280B7170040F44FF4
:100AC0001347F5FFF98EF4CFF44BF98EF4CBB44B0A
:100AD000558DA8CB31A8B7170040F44F1347F5FF49
:100AE000F98EF4CFF44B558DE8CBB44BF98EB4CBE3
:100AF000B443758FB8C38280B7170040F84F498F51
:100B0000F8CFF44B1347F5FFC9B7B7170040F84FBC
:100B1000498FF8CFF84B498FF8CBB84B1345F5FF09
:100B200079B7B7170040F84F498FF8CFB44F134744
:100B3000F5FFF98EB4CFF44B21A8B7170040F84F5A
:100B4000498FF8CFB84F498FB8CFF44B1347F5FF13
:100B5000758FF8CBB843598DB9BFB7170040F44F24
:100B60001347F5FFF98EF4CFB44FE1B7B717004044
:100B7000F44F1347F5FFF98EF4CFB44FC98E5DBF24
:100B8000B7170040B44F1347F5FF758FB8CFF84B38
:100B9000498FC1B7B7170040B84F498FC5BFB717C6
:100BA0007A00938707203355F5021375F50F238BD1
:100BB000A1829307803E3305F502239AA1828280A9
:100BC000B7F700E023A0070003C761833305A7023E
:100BD00013071010C8C723A8070098C3D84B098B68
:100BE00075DFD84B759BD8CB828003D74183B7F78D
:100BF00000E023A007003305A70213071010C8C7A1
:100C000023A8070098C3D84B098B75DFD84B759B79
:100C1000D8CB8280814737370040A14663C4C700E4
:100C2000328582800345B740E38EA6FE3385F5000A
:100C30000345050085072304A740CDB7B72700402B
:100C4000C8C709472380E70051472380E700828017
:100C500001A001A001A001A001A001A001A001A08C
:100C600001A001A001A001A001A001A001A001A07C
:100C700001A001A001A001A001A001A001A001A06C
:100C800001A0970100209381E1C2173100201301D8
:100C90006137173500001305E5EC97F5FF1F9385C5
:100CA00065361386018363FAC5008322050023A0FD
:100CB000550011059105E3EAC5FE1385018393856F
:100CC00041876377B500232005001105E36DB5FE6C
:100CD00017F501201305053397F50120938585321B
:100CE0006377B500232005001105E36DB5FE93027F
:100CF000800873A0023097F2FFFF9382E23093E204
:100D0000120073905230970200009382A2A0739059
:100D1000123473002030B79700401307C0FC2388BB
:100D2000E700A388E7002389E7003147A389E700AC
:100D3000130700042398E70493060020239AD7049E
:100D4000239CD704239ED7042390D7062392D7064B
:100D50002394D706370702202396D70613070700E8
:100D6000D8CB3767022013070720D8DB98CF375737
:100D700002201307072098DFD8CF37470220130738
:100D80000720D8DF98D33737022013070720B8C3CE
:100D9000D8D33727022013070720F8C398D737176F
:100DA000022013070720B8C7D8D737070220130738
:100DB0000720F8C798DB2398070623890706A3892D
:100DC00007060947239A0706238BE706A38B070626
:100DD000239CD706238D0706A38D0706239E0706AF
:100DE000238FE706A38FE706239007082381E708F0
:100DF000A381E708239207082383E708A383E70872
:100E0000239407082385E708A385E70823960708A6
:100E10002387E708A387E7088280B797004001CDC2
:100E200023800700130790032380E7001307700255
:100E30002381E700CDB519472380E70082800111A7
:100E400022CC9387818306CE26CA4AC84EC62390F9
:100E5000070083C7A183370502202D4793F7F70FBB
:100E600083460500138481836367F7020D678A0751
:100E70001307077FBA979C4382879307050083D7A0
:100E80002700094613D78700630DC7046367E60090
:100E900085476305F702FD5791A08D45630FB704A1
:100EA000BD47E31AF7FE91679387078223A0F18479
:100EB0001387C18303560700D94719A89167938701
:100EC000C78A23A0F1841387C18303560700C9474B
:100ED00063E6C70083570700C207C1832310F400ED
:100EE0003DA091679387878323A0F1841387C183F3
:100EF0000356070093074007E1BF93F7F70F8545B7
:100F00006389B708ADCF6380C70AE396E7F8035754
:100F10000400C167FD178144638BE7048357040015
:100F2000C207C183A9C7835704001307F0039304C2
:100F300000046366F70083540400C204C180E20623
:100F4000E18663DF06001389018483290900268670
:100F500013050500CE85A699EF10E04F2320390137
:100F600083570400858FC207C1832310F400F24029
:100F7000624426854249D244B24905618280938702
:100F8000018123A0F1841387C18303560700914791
:100F900081B79387418123A0F1841387C1830356CE
:100FA0000700A14735B791679387078C23A0F18489
:100FB0001387C183035607009307600211BF93078D
:100FC000050003D72700A384E18691B783C7A186D4
:100FD0002300F500854719B73797004083478700FE
:100FE0008D8B8DE3130700042394E1801307050024
:100FF00003572700938781862381E70005472382D3
:10100000E70031B78347870009478D8BE390E7FE00
:101010002147D9BF93F7F6010947639DE7041307FA
:10102000050003474700630BF70263EAE7008547C3
:10103000E313F7E6B7970040A38B0706C9BD130675
:1010400010086302C70213062008E316C7E43797A7
:101050000040231C0706230DF70655BDB797004037
:10106000238D07066DB537970040231A0706230B1B
:10107000F70671BDE39107E29307050003C7270058
:101080008547E316F7E89387818603C73700799B86
:10109000A381E700ADBD13F7F601E30E07DE894734
:1010A000E31BF7DE9307050003D62700E31506DEF2
:1010B00083C74700638FE702636EF7000547E39C31
:1010C000E7DC379700408347770793E73700A30BA8
:1010D000F70635BD130710086386E70213072008DB
:1010E000E39BE7DA379700408347A70793E737008A
:1010F0009DB7379700408347B70793E73700A30DA5
:10110000F70631B5379700408347670793E7370005
:10111000B9BF89472310F4009307050083D7470020
:101120002310050013071008639CE700B7970040E1
:1011300083C767070D478D8BE39BE7DC854749BD78
:101140000547639DE70037970040034777070D4643
:101150000D8BE31EC7DA2300F50049B31306200800
:10116000639FC700B797004083C7A7078D8B0D46C5
:10117000E39FC7D82300E5002310E40049BB0946DC
:10118000E397C7D8B797004083C7B707C5B783C7EA
:10119000A183011106CE22CC26CA4AC84EC693F7B7
:1011A000F70F15476384E706194701446398E7047E
:1011B0009387818383D707001307F0039384818388
:1011C000130400046366F70003D404004204418062
:1011D0001389018483290900370502202286CE85E0
:1011E00013050500EF10202783D70400A2992320C0
:1011F0003901818FC207C1832390F4002285F24018
:101200006244D2444249B2490561828003C7918653
:10121000B79700400144A381E700CDB7411122C632
:10122000379400408347A40093F7F70F13F70702A2
:101230002DC7B707022003C707009387070003C61F
:101240001700238FE182238DC18283D66700137735
:101250000706239ED18201451DE7D536C167FD17DC
:101260006313F502231804068D472309F406A30926
:10127000F406B7970040130700022385E7003244C5
:10128000410173002030B79700402398A7062147FB
:101290002389E706A389E706E9BF13F72700630B55
:1012A00007180347B4008347B40085463D8B9183FC
:1012B0008D8B630ED70A01CB89466305D712B7978A
:1012C000004009475DBF0947639BE702C93509E94B
:1012D000A147A309F4062318040623090406C5B789
:1012E0002318A4068347240793C787002309F4061D
:1012F0008347240793F7C70F2309F406C9B7E1F31F
:10130000938681830357C40083D606009387818325
:101310006372D7040357C40083D607004207418392
:101320003387E640420741832390E70083D70700D5
:10133000C207C1839DC3B797004003C73707134750
:101340008700A389E70603C737071377C70FA38969
:10135000E706B5B703D70700C1B7B7970040239892
:10136000070621472389E706A389070689BF09479E
:10137000639FE702231A04068347640793C7870025
:10138000230BF4068347640793F7C70F93E72700FF
:10139000230BF4068347740793C78700A30BF40657
:1013A0008347740793F7C70FA30BF40609BF81FBAC
:1013B0000357C40083477407420793F7C70F93E7A7
:1013C0002700A30BF406B7670220938707205CD899
:1013D0004183231AE4068347640793F7C70F230B5F
:1013E000F406F1BD6394E702B75702209387072004
:1013F0001CDC8347A40793C78700230DF4068347AB
:10140000A40793F7C70F230DF40655BDE39907EA28
:10141000B7570220938707205CCC8347B40793C754
:101420008700A30DF4068347B40793F7C70FA30DF6
:10143000F40671B513F7170031CBEFF0DF8D854758
:10144000A30104002305F40083C7D184054793F763
:10145000F70FE396E7E237E700E0B7061000232036
:10146000D710B70620002320D710B706020023208C
:10147000D7103755FE03372700402301F700130527
:10148000056CEFF0AFFB05452D20D5BB918BE388B4
:1014900007DE91472305F400DDB3B7E700E04147DD
:1014A000B443B8C305473315A70023A0A718B4C396
:1014B0008280411106C655C1EFE09FC001C9374582
:1014C0000000130585ABEF10001601A04167B78738
:1014D00000407D17B8DB3707022013070700F8DB51
:1014E000375802203747022023A0E70813080820B6
:1014F0003745022023AA070913050520B735022026
:1015000023A0A70A938505203726022023A8B70A1F
:1015100013060620B716022023A0C70C93860620C8
:101520003707022023A8D70C13070720B76802202B
:1015300023A0E70E9388082023A2170923A80709F0
:1015400023A2A70A23AAB70A23A2C70C23AAD70C4F
:1015500023A2E70EB240410182800945EFE03FDA65
:10156000B78700401307800298C34D47D8C323A410
:101570000700194798D3F9BF4111014506C6153F29
:101580005145EFF08FE6B240054541011DB701110D
:101590003705022022CC1307050006CE26CA4AC80A
:1015A0004EC652C456C203461700835667002386B0
:1015B000C18423A4D18489459387C1846318B60666
:1015C0008345470015466393C5069307E0081384D7
:1015D00081840347070063F3D7001CC09165044072
:1015E0009386459123A8D184930600202689138AE7
:1015F0000185938A459163F496001309002093179F
:10160000870193190901E18793D9090163DC070078
:101610004A869385459113050500CA9AEF00B06389
:1016200023205A01B384244104C031A07D57C169ED
:101630002380E700FD19F24062444E85D2444249BE
:10164000B249224A924A056182800111370502207F
:1016500022CC06CE26CA4AC84EC652C456C29305EC
:10166000050083C7150003D7650093868184238610
:10167000F18498C219481386C184138481846383DA
:101680000707930805006364F80205470149638969
:10169000E702638207160D476384E70215476387F5
:1016A000E714FD5741692300F6007D1911A82D4765
:1016B00001496387E700636FF7002547E393E7FE7F
:1016C000F24062444A85D2444249B249224A924A8F
:1016D00005618280130700030149E383E7FE1307D6
:1016E000100375BF83C63500094893840185638E56
:1016F00006076369D80085476384F602FD57230017
:10170000F6003DA08D47638BF606BD47E398F6FED5
:10171000D94763F3E7001CC091679387878E01A8C0
:10172000C94763F3E7001CC091679387C7A69CC0B5
:10173000032A040093070020D28963F44701930928
:10174000002083AA0400139909014E86330A3A4106
:10175000D68513050500D699EF00F04F13590901FE
:101760002320440123A03401A1BF9307800C63F31D
:10177000E7001CC091679387479A55BF83C7250030
:1017800063840705636DF8008DCB8546E398D7F633
:10179000A14763F3E7001CC09387018249BF638EB2
:1017A000D7029306E00EE39BD7F4C94763F3E70043
:1017B0001CC09167938707909DBF914763F3E70033
:1017C0001CC09387C181A5B79307600263F3E7004C
:1017D0001CC09167938707A899BFD94763F3E700B7
:1017E0001CC0B70700209387070091B783C7280064
:1017F00001491CC0F1B52390E50023A0060009496A
:10180000C1B503C7C184011156C206CE22CC26CA77
:101810004AC84EC652C49947814A6313F70483A449
:10182000818413070020138A8184268463749700BF
:10183000130400201389018583290900370502203C
:10184000931A04012286818CCE85130505004E94DF
:10185000EF00704093DA0A0123209A0023208900C8
:10186000F24062445685D2444249B249224A924AE1
:10187000056182800145828003C7C1849547631654
:10188000F70003A581846FE03FA68280EFE01FAAE6
:1018900073002030411122C6B7270040054723833B
:1018A000E7009387D18403C7070085466394E60267
:1018B000514523800700D5365545C5360145D53EEF
:1018C00037450000130585AAEF00F0553244410169
:1018D000730020301384D184834704000D476305CF
:1018E000F70251455D3E55454D3E0145D936B79706
:1018F000004023A0070037070002B7E700E023A05D
:10190000E7100545EFF06FD185472300F400372439
:101910000040230104004545493689472300F4006F
:1019200075B7411122C6378400405C4413973701D4
:10193000635A0700930720141CC00145EFE03F9C49
:1019400085675CC4B7870040D847058B31C705471A
:10195000D8C7138741858346070093F6F60F81CEDB
:1019600093060028B4C7B70602009106F4C723A85F
:101970000704230007000D474545A386E184313E57
:10198000B727004009472380E7006545238107000A
:1019900029360145EFF06FC8378700405C47918BCF
:1019A00091C791475CC70945EFE07F9537870040B5
:1019B0005C47A18B85CFA1475CC701450547A3863E
:1019C000E184C53C5145D13CB727004009472380FD
:1019D000E700238107004545C934B7E700E0370732
:1019E000000223A0E7100545EFF02FC3B7870040A2
:1019F000D8479316B70063D8060037071000D8C73A
:101A00000945EFE0DF8F378400405C4493F70740DF
:101A100099CF930700405CC41C48858B638A0718E4
:101A20000945EFE0DF8D5C400567D98F5CC0B78664
:101A30000040D8468567938707807D8F01CB054698
:101A4000238AC184DCC60145EFE07F8B37840040E8
:101A50005C4413972701635B070289675CC40945EF
:101A6000EFE0FF89113E0145EFE01F885C4093E7FE
:101A700007105CC0B7870040984B098B75FFD843AF
:101A800009451377F7EFD8C3EFF08F933784004001
:101A90005C44139707016357070C1C5037070080FD
:101AA0008146D98F1CD0A1675CC40147014681459E
:101AB0000545232E0406EFE0CFF801478146014695
:101AC00081450945EFE0EFF7014781460146814531
:101AD0000D45EFE00FF7014781460146814511456D
:101AE000EFE02FF601478146014681451545EFE0BD
:101AF0004FF501478146014681451945EFE06FF4F6
:101B000001478146014681451D45EFE08FF30146BF
:101B100081450545EFE00FED014681450945EFE0C0
:101B20006FEC014681450D45EFE0CFEB0146814565
:101B30001145EFE02FEB014681451545EFE08FEAB7
:101B4000014681451945EFE0EFE9014681451D4514
:101B5000EFE04FE90145EFE02FF95C4041777D1759
:101B6000F98F5CC0378400405C4493F7070499C741
:101B70000545EFE0CFF8930700045CC437840040CC
:101B80005C4493F7070299C70945EFE04FF79307C5
:101B900000025CC4378400405C44C18B91C7094596
:101BA000EFE0EFF5C1475CC43244410173002030DF
:101BB0001305007D23240400EFF08F80EFF0DF9BFE
:101BC000BDB54111054506C6EFE02FEE11E905450B
:101BD000EFE0CFEA05472382E184B24041018280F1
:101BE00005476313E502EFE06FE985451307004001
:101BF000854605460545EFE0CFE48545B24013052F
:101C0000100841016FE0AFEB0947631FE500054590
:101C1000EFE0CFE6854513070040894605460545B8
:101C2000EFE02FE28945D9BF0D47E318E5FA0545F6
:101C3000EFE0CFE48545130700408D460546054596
:101C4000EFE02FE08D455DBF4111094506C6EFE08D
:101C5000CFE51DE9B757022093870720378700405B
:101C6000232AF7080945EFE06FE185451307004097
:101C7000914605460945EFE0CFDC9145B24013059A
:101C8000200841016FE0AFE30547631FE500094508
:101C9000EFE0CFDE85451307004085460546094540
:101CA000EFE02FDA8545D9BF0947631EE500EFE075
:101CB000EFDC854513070040894605460945EFE0FE
:101CC0004FD8894565BF0D47631FE5000945EFE023
:101CD000EFDA8545130700408D4605460945EFE0DC
:101CE0004FD68D4561BFB2404101828041110D4503
:101CF00006C6EFE08FDB1DE5B7470220938707207C
:101D0000378700402320F70A0D45EFE02FD78545A0
:101D10000D451146EFE00FCD91450D45B240410113
:101D20006FE0EFD905476311E5020D45EFE00FD5F0
:101D3000854513070040854605460D45EFE06FD009
:101D4000854513053008D9BF0947631FE5000D45D8
:101D5000EFE0CFD2854513070040894605460D4583
:101D6000EFE02FCE8945F1BF0D47631EE500EFE0A0
:101D7000EFD08545130700408D4605460D45EFE041
:101D80004FCC8D457DBFB24041018280411111454C
:101D900006C6EFE08FD11DE5B737022093870720F5
:101DA000378700402328F70A1145EFE02FCD8545FE
:101DB00011451146EFE00FC391451145B240410175
:101DC0006FE0EFCF85476311F5021145EFE00FCBD0
:101DD000854513070040854605461145EFE06FC66F
:101DE000854513054008D9BF8947631FF500114594
:101DF000EFE0CFC8854513070040894605461145E9
:101E0000EFE02FC48945F1BF8D47631FF5001145F1
:101E1000EFE0CFC68545130700408D4605461145C6
:101E2000EFE02FC28D4575BFB24041018280411164
:101E3000154506C6EFE06FC71DE5B727022093875B
:101E40000720378700402320F70C1545EFE00FC32C
:101E5000854515451146EFE0EFB891451545B2406F
:101E600041016FE0CFC585476311F5021545EFE0ED
:101E7000EFC0854513070040854605461545EFE050
:101E80004FBC854513055008D9BF8947631FF5002E
:101E90001545EFE0AFBE854513070040894605466E
:101EA0001545EFE00FBA8945F1BF8D47631FF50077
:101EB0001545EFE0AFBC8545130700408D4605464C
:101EC0001545EFE00FB88D4575BFB24041018280E6
:101ED0004111194506C6EFE04FBD1DE5B7170220B9
:101EE00093870720378700402328F70C1945EFE038
:101EF000EFB8854519451146EFE0CFAE914519453C
:101F0000B24041016FE0AFBB85476311F50219454F
:101F1000EFE0CFB6854513070040854605461945D5
:101F2000EFE02FB2854513056008D9BF8947631FCD
:101F3000F5001945EFE08FB4854513070040894649
:101F400005461945EFE0EFAF8945F1BF8D47631FA7
:101F5000F5001945EFE08FB28545130700408D4627
:101F600005461945EFE0EFAD8D4575BFB240410123
:101F7000828041111D4506C6EFE02FB31DE5B7076E
:101F8000022093870720378700402320F70E1D4546
:101F9000EFE0CFAE85451D451146EFE0AFA491457A
:101FA0001D45B24041016FE08FB185476311F502D5
:101FB0001D45EFE0AFAC854513070040854605465B
:101FC0001D45EFE00FA8854513057008D9BF894767
:101FD000631FF5001D45EFE06FAA8545130700401C
:101FE000894605461D45EFE0CFA58945F1BF8D47E0
:101FF000631FF5001D45EFE06FA8854513070040FE
:102000008D4605461D45EFE0CFA38D4575BFB24017
:102010004101828001119306D1001306E1006C009A
:10202000054506CEEFE0AF998347C10085EF054532
:10203000EFE0EF9CB76702209387072037870040C7
:102040002322F708854505451307004091460546BC
:10205000EFE02F9F914513051008EFE04FA6F240E7
:10206000056182800547639DE7000545EFE02F99F4
:10207000854505460545EFE0EF9685450545F1BFE9
:102080000947639CE7000545EFE06F9785450946E2
:102090000545EFE02F958945D5B70D47E391E7FC5E
:1020A0000545EFE0CF9585450D460545EFE08F935B
:1020B0008D45E9B701119306D1001306E1006C00CC
:1020C000094506CEEFE0AF8F8347C10091EB09458C
:1020D000EFE0EF920547A382E184F2400561828040
:1020E0000547639FE7000945EFE06F918545054689
:1020F0000945EFE02F8F85450945EFE04F9CF1BF83
:102100000947639CE7000945EFE06F8F8545094665
:102110000945EFE02F8D8945C5B70D47E39FE7FAE5
:102120000945EFE0CF8D85450D460945EFE08F8BE2
:102130008D45D9B701119306D1001306E1006C005B
:102140000D4506CEEFE0AF878347C10085EF0D4513
:10215000EFE0EF8AB74702209387072037870040D8
:102160002322F70A85450D45130700409146054691
:10217000EFE02F8D914513053008EFE04F94F240CA
:10218000056182800547639DE7000D45EFE02F87DD
:10219000854505460D45EFE0EF8485450D45F1BFCA
:1021A0000947639CE7000D45EFE06F8585450946CB
:1021B0000D45EFE02F838945D5B70D47E391E7FC47
:1021C0000D45EFE0CF8385450D460D45EFE08F814E
:1021D0008D45E9B701119306D1001306E1006C00AB
:1021E000114506CEEFD0BFFD8347C10085EF1145F5
:1021F000EFE0EF80B7370220938707203787004052
:10220000232AF70A854511451307004091460546E4
:10221000EFE02F83914513054008EFE04F8AF2402D
:10222000056182800547639DE7001145EFD03FFDC2
:10223000854505461145EFD0FFFA85451145F1BFAB
:102240000947639CE7001145EFD07FFB85450946B0
:102250001145EFD03FF98945D5B70D47E391E7FC2C
:102260001145EFD0DFF985450D461145EFD09FF7B9
:102270008D45E9B701119306D1001306E1006C000A
:10228000154506CEEFD0BFF38347C10085EF154556
:10229000EFD0FFF6B727022093870720378700404B
:1022A0002322F70C85451545130700409146054646
:1022B000EFD03FF9914513055008EFE04F80F24011
:1022C000056182800547639DE7001545EFD03FF328
:1022D000854505461545EFD0FFF085451545F1BF0D
:1022E0000947639CE7001545EFD07FF18545094616
:1022F0001545EFD03FEF8945D5B70D47E391E7FC92
:102300001545EFD0DFEF85450D461545EFD09FED24
:102310008D45E9B701119306D1001306E1006C0069
:10232000194506CEEFD0BFE98347C10085EF1945B7
:10233000EFD0FFECB71702209387072037870040C4
:10234000232AF70C85451945130700409146054699
:10235000EFD03FEF914513056008EFD05FF6F240F4
:10236000056182800547639DE7001945EFD03FE98D
:10237000854505461945EFD0FFE685451945F1BF6E
:102380000947639CE7001945EFD07FE7854509467B
:102390001945EFD03FE58945D5B70D47E391E7FCF7
:1023A0001945EFD0DFE585450D461945EFD09FE390
:1023B0008D45E9B701119306D1001306E1006C00C9
:1023C0001D4506CEEFD0BFDF8347C10085EF1D4519
:1023D000EFD0FFE2B707022093870720378700403E
:1023E0002322F70E85451D451307004091460546FB
:1023F000EFD03FE5914513057008EFD05FECF24058
:10240000056182800547639DE7001D45EFD03FDFF2
:10241000854505461D45EFD0FFDC85451D45F1BFCF
:102420000947639CE7001D45EFD07FDD85450946E0
:102430001D45EFD03FDB8945D5B70D47E391E7FC5C
:102440001D45EFD0DFDB85450D461D45EFD09FD9FB
:102450008D45E9B78280B3C7A5008D8B3307C500D2
:1024600081E78D4763EEC700AA876370E50A83C6DC
:10247000050085078505A38FD7FEE3EAE7FE828086
:1024800093763500AA8791CA83C60500850785051E
:10249000A38FD7FE93F63700FDB79376C7FF138659
:1024A00006FE63F0C70683A3050083A2450083AF41
:1024B000850003AFC50083AE050103AE450103A34C
:1024C000850183A8C5019385450223A0770003A851
:1024D000C5FF23A2570023A4F70123A6E70123A8E1
:1024E000D70123AAC70123AC670023AE1701938746
:1024F000470223AE07FF75B790419107910523AEC0
:10250000C7FEE3EBD7FEE3E4E7F6828039713EDAFB
:102510002ED232D436D63AD842DC46DE9387C180FA
:1025200022CC804326CA06CEAA8409C41C4C99E357
:10253000228515230C4454102686228536C6EF00CA
:102540007016F2406244D24421618280011126CA91
:102550004AC806CE22CC4EC652C4AA842E8901C5D2
:102560001C4D91E3CD299C4C804499E32685E521BF
:102570009717000093874757631CF402C0408357A6
:10258000C400A18BB1C71C48A1C7FD59294A1C44EE
:1025900083450900FD17B1E91CC463DE07062286E6
:1025A000A94526857120FD576308F502294535A008
:1025B00097170000938747556314F4008044C1B710
:1025C0009717000093874750E31BF4FAC04445BFB8
:1025D000A2852685312A55D97D55F2406244D244E0
:1025E0004249B249224A056182801CC4050963D769
:1025F0000700184C63CBE700638945011C40138733
:10260000170018C02380B70059B7228626850D20F1
:10261000E31F35F7D1B71C401387170018C02947AF
:102620002380E70061B79387C180AA85884339BFBB
:10263000011122CC26CA4AC806CE4EC6AA842E89CB
:10264000328401C51C4D91E339219717000093870F
:10265000A7496319F406C0401C4C1CC48357C4002E
:10266000A18BC9C31C48BDCF1C4808409379F90F02
:102670001379F90F1D8D5C486346F500A285268508
:10268000652C2DE51C440505FD171CC41C40138753
:10269000170018C0238037015C486389A70083575F
:1026A000C400858B81CBA9476316F900A2852685D6
:1026B00061240DEDF24062444A85D2444249B24958
:1026C0000561828097170000938707446314F40024
:1026D000804459B7971700009387073FE31EF4F62D
:1026E000C0449DBFA285268521203DDD7D59D9B7F7
:1026F00041119387C18026C2844322C44AC006C6C2
:102700002A892E8489C49C4C99E32685A92697178B
:1027100000009387673D631CF402C0400317C400A8
:1027200093170701C18393F68700B5EE93F607016F
:102730009DEEA5472320F900136707042316E40044
:102740007D55B2402244924402494101828097174C
:1027500000009387673B6314F4008044C1B7971768
:10276000000093876736E31BF4FAC04445BF918BA2
:102770008DC74C5889C9930744046384F5004A8582
:10278000352B232A04028357C4002322040093F725
:10279000B7FD2316F4001C481CC08357C40093E700
:1027A00087002316F4001C4881EF8357C4001307E9
:1027B000002093F707286385E700A2854A858521D5
:1027C0008357C40013F7170005C75C48232404008F
:1027D000B307F0401CCC1C480145A5F78317C40083
:1027E00013F7070839DF93E707042316F40089BFBE
:1027F000898B014791E3584818C4F1BF83D7C500BE
:10280000011122CC26CA06CE4AC84EC613F787004D
:10281000AA842E8471EFD841634DE000B841634A29
:10282000E0000145F2406244D2444249B2490561A8
:10283000828058547DD703A904009396370123A0C2
:10284000040063DD060670488357C400918B99C766
:102850005C401D8E5C5899C33C401D8E5C540C50EE
:10286000814626858297FD570357C400631DF500F6
:102870009440F54763E8D706B70740208507B3D7EC
:10288000D700858BA5C31C48232204001CC09317C6
:10289000370163D80700FD576314F5009C4091E3AE
:1028A00068C84C5823A02401ADDD93074404638419
:1028B000F50026852121232A0402A5B70C500146E4
:1028C000854626850297FD572A86E31FF5F69C402C
:1028D000A5DF75476385E70059476394E70423A0A4
:1028E000240181B7136707042316E4007D551DBF3B
:1028F00083A90501E38709F203A905008D8B23A0B5
:10290000350133093941014791E3D84918C4E35AE5
:1029100020F11C540C50CA864E8626858297634946
:10292000A0008357C40093E707042316F4007DBF7B
:10293000AA993309A940E1BF9C49B9CF011122CC22
:1029400006CE2A8411C51C4D81E72EC62922B24528
:102950009717000093874719639BF5004C408397B6
:10296000C50095C722856244F240056141BD9717B5
:102970000000938767196394F5000C44CDB797174F
:10298000000093876714E39CF5FC4C44C9BFF240F8
:10299000624401450561828001458280411122C463
:1029A00006C62A842316B5002317C5002320050078
:1029B00023220500232405002322050623280500E1
:1029C000232A0500232C0500214681451305C50552
:1029D000EFD0BFB197170000938787B45CD09717EB
:1029E00000009387E7B61CD497170000938727BB96
:1029F0005CD4971700009387E7BD00D01CD8B24085
:102A000022444101828097050000938525F3A9A205
:102A1000411126C2130680069384F5FFB384C402D5
:102A20004AC02E8922C406C693854407252E2A84CF
:102A300001CD2320050023222501310508C413867A
:102A400084068145EFD07FAA2285B2402244924479
:102A50000249410182801C4DADE3411106C622C4EA
:102A600097070000938767FA1CD5938781829C4360
:102A70002324050423260504232805046314F500F4
:102A800085471CCD2A841D2848C02285052808C4F6
:102A900022852D2048C4484001469145013708440D
:102AA0000546A545E53D48440946C945C53D854718
:102AB0001CCCB24022444101828082804111938724
:102AC000818226C284434AC006C69C4C22C42A89FD
:102AD00099E326854937938484048044DC40FD17BC
:102AE00063D607009C40B9CF8440C5BF0317C4001C
:102AF00039E7C17785072322040623200400232217
:102B00000400232404005CC423280400232A0400B6
:102B1000232C0400214681451305C405EFD0FF9CFA
:102B2000232A0402232C040223240404232604045D
:102B30002285B2402244924402494101828013041A
:102B4000840671BF91454A85E13588C051FDB14782
:102B50002320F9000144E9BF797122D44AD052CC34
:102B600056CA5AC85EC606D626D24ECE2A8AAE8A23
:102B7000130485040149054BFD5B09ECB250225456
:102B80004A8592540259F249624AD24A424BB24BA8
:102B900045618280044483294400FD1963D40900FF
:102BA0000040E1BF83D7C400637BFB008397E40050
:102BB00063877701A6855285829A3369A900938439
:102BC0008406E1BF1971A6DAAE848395E500A2DC24
:102BD00086DE328463DC050083D7C40023A00600B0
:102BE00093F7070885E7930700401DA0300836C615
:102BF000EF00D023B246E34105FE7247BD67F98F6F
:102C00007977BA9793B717009CC2F1BF9307000476
:102C10001CC0F6506654D65401450961828083D7A2
:102C2000C500011122CC06CE26CA4AC8898B2E8443
:102C300089CF930774041CC01CC885475CC8F24048
:102C40006244D24442490561828074003000AA8403
:102C5000953FA2452A892685312201ED8317C400BC
:102C600013F7072069FFF19B93E727002316F40071
:102C7000C9B797070000938747D99CD48357C400EE
:102C800008C008C893E707082316F400A2475CC8E9
:102C9000B24791CF8315E4002685EF00D01B01C910
:102CA0008357C400F19B93E717002316F400835762
:102CB000C4003369F9002316240151B7DDC183A78D
:102CC000C5FF411122C406C626C21384C5FF63D3C3
:102CD00007003E94AA84EF00F01E9387C1859C43B1
:102CE00081EF2322040023AE81842244B240268552
:102CF000924441016F00301D637EF400144033079D
:102D0000D4006396E7009843DC43369718C05CC054
:102D1000D9BFBA87D84319C3E37DE4FE9443338611
:102D2000D700631F86001040B29694C33386D70045
:102D3000E31DC7FA10435843B29694C3D8C375B77E
:102D40006375C400B1479CC04DB71040B306C400C2
:102D50006316D70014435843B29614C058C0C0C37A
:102D600069B78280011126CA93843500F19806CE96
:102D700022CC4AC84EC6A104B14763F3F404B1445F
:102D800063E2B4042A89EF00F0139387C185984366
:102D90003A8439E0938701869C4391E781454A85CF
:102DA000912F23A0A186A6854A85A927FD596319DD
:102DB0003507B1472320F9004A85EF00D01029A03C
:102DC000E3D004FCB1471CC10145F2406244D24447
:102DD0004249B249056182801C40858F63CF07025A
:102DE000AD4663F6F6001CC03E9404C031A05C40C2
:102DF0006313870223AEF1844A85EF00D00C1305DC
:102E0000B4009307440061993307F5405DDF3A94BD
:102E1000898F1CC05DBF5CC3C5B72287404095BF8A
:102E2000130435007198E30285FCB305A4404A857C
:102E3000D125E31C35FBB5BF1C46FD171CC663DA64
:102E40000700184E63C5E700A9476394F5006FF0CB
:102E50002FFE1C422E851387170018C22380B7004F
:102E60008280011122CC26CA4AC84EC652C406CE60
:102E70002A89AE893284B304D6007D5A6314940043
:102E8000014509A8834504004E864A857537050427
:102E9000E31645FFF2406244D2444249B249224A15
:102EA00005618280357122CD26CB4AC94EC706CF37
:102EB00052C556C35AC1DEDEE2DCE6DAAA89AE8428
:102EC0003289368409C51C4D99E3EFF0DFB89717B6
:102ED0000000938767C1639BF40C83A4490083D7E8
:102EE000C400A18BF5C79C48E5C793070002A30463
:102EF000F1029307000302D22305F10222C6930BCD
:102F00005002971A0000938A2AC2054C294B4A8422
:102F10008347040099C36390770FB30C2441638DFA
:102F20000C00E6864A86A6854E85253FFD5763063A
:102F3000F51E9256E69636D283470400638F071C2F
:102F4000FD571309140002C802CE3ECA02CCA309E1
:102F5000010482D48345090015465685B927130418
:102F60001900C24759E913F7070109C713070002FF
:102F7000A309E10413F7870009C71307B002A309E7
:102F8000E104834609001307A0026380E608F247C4
:102F90004A8481462546034704009305140013071D
:102FA00007FD6379E60AB5CA3ECE85A897170000EB
:102FB000938787B56395F40083A489000DB79717AD
:102FC0000000938767B0E39CF4F083A4C90001BFBD
:102FD000A6854E85EFF0CFF109D97D55FA406A44B8
:102FE000DA444A49BA492A4A9A4A0A4BF65B665C6D
:102FF000D65C0D618280050421BF33055541331530
:10300000AC00C98F3EC82289B1B73247930647004A
:10301000184336C6634907023ACE034704009307B4
:10302000E002631FF704034714009307A002631B29
:10303000F702B2470904138747009C433AC663C1AD
:1030400007023ECA35A83307E04093E727003ACE8F
:103050003EC8E1B7B387670385462E84BA9725BF7C
:10306000FD57C5B7050402CA814681472546034777
:10307000040093051400130707FD6376E606F1F2DA
:10308000834504000D4617150000130565AA312D70
:1030900011CD971700009387A7A91D8D93070004F2
:1030A000B397A700424505045D8D2AC883450400F7
:1030B0001946171500001305E5A71309140023048A
:1030C000B102E5233DC197D7FFFF9387A7F395E7AB
:1030D0004247B2471377071009CF91073EC6925770
:1030E000D2973ED22DB5B387670385462E84BA9713
:1030F000BDBF9D07E19BA107D5B7780097060000EB
:10310000938666D626860C084E8597000000E70059
:103110000000FD572A8AE314F5FC83D7C40093F717
:103120000704E39C07EA125555BD78009706000096
:10313000938666D326860C084E85012AD9BF7971FD
:1031400056CA9C49BA8A984522D426D24ECE52CC31
:1031500006D64AD05AC85EC6AA892E84B284368A58
:1031600063D3E700BA879CC00347340419C38507BB
:103170009CC01C4093F7070281C79C4089079CC0F4
:103180000329040013796900631A0900130B9401E1
:10319000FD5B5C449840998F634CF9041C40834666
:1031A000340493F70702B336D000A5EB13063404BA
:1031B000D2854E85829AFD576303F5041C40114663
:1031C0009840998B544481446397C700B384E64088
:1031D00063D3040081441C4418486354F700998F5A
:1031E000BE94014969047D5B63982405014509A8E3
:1031F00085465A86D2854E85829A631E75017D5515
:10320000B250225492540259F249624AD24A424B75
:10321000B24B456182800509ADBF3307D400130668
:103220000003A301C7040347540493871600A29721
:103230008906A381E7049DBF85462286D2854E85F7
:10324000829AE30E65FB050945B7797122D426D22F
:103250004AD04ECE06D652CC56CA5AC8B68983C674
:103260008501930790063289AA842E84138635043B
:10327000638DF60263E2D706930780056388F6182C
:1032800063EDD7006381062293073004638EF60A4C
:10329000930A24042301D404C9A09307300663854C
:1032A000F60A93074006E395F6FE1C40084393F6A2
:1032B000070893054500C5C61C410CC363D8070029
:1032C0001307D002B307F040A301E40497160000EF
:1032D0009386C68629476DA8930700076384F61670
:1032E00063E5D7029307E006638BF6189307F006B1
:1032F000E390F6FA0C401C4313F8050813854700C9
:103300006307080608C39C438DA893075007E3830F
:10331000F6FE93078007638BF61293073007E39955
:10332000F6F61C43D04181459386470014C383AA17
:10333000070056859D2E01C53305554148C05C40A8
:103340001CC8A301040471A81C43930A2404938697
:1033500047009C4314C32301F4048547D5B793F673
:1033600007041C410CC3B9DAC207C18781BF93F5BA
:10337000050408C3C9D983D707001307F00663887B
:10338000E60E970600009386667B2947A301040496
:103390004C400CC463C5050008406D9908C099E312
:1033A000B28A91CDB28AB3F5E702FD1AB69583C50C
:1033B00005002380BA00B3D5E70263F0E70CA1470C
:1033C000631EF7001C40858B91CB58401C4863C797
:1033D000E70093070003A38FFAFEFD1A3306564158
:1033E00010C84E87CA867000A2852685EFF03FD5AB
:1033F0007D5A631E450B7D55B2502254925402599A
:10340000F249624AD24A424B45618280A382D50486
:1034100097060000938686720C40084313F805084F
:103420001C411105630D080208C313F7150001C7FD
:1034300093E505020CC04147B1FB0C4093F5F5FD47
:103440000CC0A9B79C4193E707029CC19307800772
:10345000A302F404970600009386866F75BF13F8E5
:10346000050408C3E30308FCC207C1837DBF9706B8
:1034700000009386A66C214711BFAE872DB79441FB
:103480001C43CC4913F8060813854700630608005F
:1034900008C39C438CC301A808C393F606049C434D
:1034A000F5DA2390B70023280400B28A1DBF144820
:1034B0005686CA8526858299E30F45F31C40898B81
:1034C0008DE7B2474844E359F5F23E8535B7854666
:1034D0005686CA8526858299E30F65F1050A5C4404
:1034E0003247998FE345FAFEE9BF014A930A9401F6
:1034F0007D5BF5B7411122C42A842E8523A801865D
:1035000006C63D24FD576317F500938701879C434A
:1035100091C31CC0B240224441018280411122C4A7
:103520002E848395E50006C64522634905007C4844
:10353000AA977CC8B2402244410182808357C400CC
:103540007D777D17F98F2316F400EDB783D7C5007B
:10355000011122CC26CA4AC84EC606CE93F70710E0
:10356000AA842E843289B68991C78395E50089465D
:10357000014631228357C4007D777D17F98F2316CA
:10358000F4008315E4006244F240CE864A86B249D4
:1035900042492685D24405613DA8411122C42E84AA
:1035A0008395E50006C6E128FD570357C400631B59
:1035B000F500FD77FD17F98F2316F400B240224481
:1035C000410182808567D98F2316F40068C8FDB752
:1035D0008395E50005A8411122C42A842E85B28571
:1035E000368623A8018606C6EFD0CFE2FD576317C3
:1035F000F500938701879C4391C31CC0B2402244CD
:1036000041018280411122C42A842E8523A801868B
:1036100006C6CD20FD576317F500938701879C43AD
:1036200091C31CC0B240224441018280411122C496
:103630002A842E85B28523A8018606C6D120FD578F
:103640006317F500938701879C4391C31CC0B24068
:10365000224441018280411122C42A842E8523A85C
:10366000018606C66520FD576317F500938701871D
:103670009C4391C31CC0B24022444101828041114D
:1036800022C42A842E85B285368623A8018606C6E2
:103690006120FD576317F500938701879C4391C311
:1036A0001CC0B24022444101828093F5F50F2A9656
:1036B0006314C5000145828083470500E38DB7FE92
:1036C0000505FDB782808280411122C42A842E859F
:1036D000B285368623A8018606C6A920FD57631742
:1036E000F500938701879C4391C31CC0B2402244DC
:1036F000410182809307800523A8F1867D55828051
:103700009307800523A8F1867D5582809307800565
:1037100023A8F186014582809307800523A8F186BE
:103720007D5582809307800523A8F1867D55828090
:10373000938741869C4391C73E9523A2A1863E85EF
:103740008280938741873E9523A2A1863E85828011
:10375000435243206572720D000000004E554D5FCC
:103760004D4953206572720D000000004649464FD6
:10377000204F560D000000005374617274204043C6
:1037800068697049443D253032580D0A0000000038
:1037900053797374656D20436C6F636B3D25640DC5
:1037A0000A0000004853504920546573740D00000E
:1037B0004650474120436F6E66696720446F6E65CF
:1037C000210000009E0A0000BA0A0000D60A00008C
:1037D000F80A00000A0B0000220B00003A0B000060
:1037E0005A0B00006C0B0000800B0000940B0000D3
:1037F0001211000014100000960E00009610000038
:10380000960E0000BE0F00007A0E0000960E00001B
:10381000CC0F0000D80F00000E0F00000E0F0000AC
:10382000050F160002071002020000000A10030034
:103830000E00010AFF070000090274000101008068
:1038400064090400000EFFFFFF000705810200026B
:1038500000070501020002000705820200020007BE
:1038600005020200020007058302000200070503AB
:10387000020002000705840200020007050402009E
:10388000020007058502000200070505020002008C
:103890000705860200020007050602000200070570
:1038A0008702000200070507020002001201000261
:1038B00000000040861A3755001101020001000087
:1038C00026035700430048002000550053004200E3
:1038D00032002E0030002000440045005600490010
:1038E0004300450020000000050F160002071002EB
:1038F000060000000A1003000E00010AFF07000086
:1039000012034D00530046005400310030003000D7
:10391000010000008E00000000010500010084008D
:1039200000000100000028004400650076006900E6
:103930006300650049006E00740065007200660057
:103940006100630065004700550049004400000025
:103950004E0000007B00310032003300340035009F
:103960003600370038002D003100320033003400BB
:103970002D0031003200330034002D0031003200C0
:10398000330034002D0031003200330034003500A4
:1039900036003700380039004100420043007D0006
:1039A000000000000902C800010100806409040051
:1039B000000EFFFFFF000705810200040006300330
:1039C00000000007050102000400063003000000AB
:1039D000070582020004000630030000000705020C
:1039E0000200040006300300000007058302000403
:1039F0000006300300000007050302000400063043
:103A000003000000070584020004000630030000E4
:103A1000000705040200040006300300000007054B
:103A200085020004000630030000000705050200BF
:103A300004000630030000000705860200040006AB
:103A400030030000000705060200040006300300F2
:103A5000000007058702000400063003000000078D
:103A600005070200040006300300000012010003F5
:103A7000FF805509861A3755000101020301000035
:103A80002603570043004800200055005300420021
:103A900033002E003000200044004500560049004D
:103AA0004300450020000000555342332E3020646F
:103AB000697361626C650000496E69742065727299
:103AC00000000000000000000000000000000000F6
:103AD00000000000000000000000000000000000E6
:103AE00000000000000000000000000000000000D6
:103AF00000000000000000000000000000000000C6
:103B000000000000000000000000000000000000B5
:103B100000000000000000000000000000000000A5
:103B200000000000232D302B20000000686C4C00AA
:103B300065666745464700003031323334353637E5
:103B400038394142434445460000000030313233A9
:103B500034353637383961626364656600000000C9
:103B600016033000310032003300340035003600D7
:103B70003700380039000000C21B0000481C00005C
:103B8000EC1C00008C1D00002E1E0000D01E00004A
:103B9000721F000014200000B42000003421000037
:103BA000D42100007422000014230000B42300007C
:103BB00000000000E43A0000043B0000C43A0000AA
:103BC00000000000000000000000000000000000F5
:103BD00000000000000000000000000000000000E5
:103BE00000000000000000000000000000000000D5
:103BF00000000000000000000000000000000000C5
:103C000000000000000000000000000000000000B4
:103C1000FFFFFFFFFFFFFFFF00020000500000203A
:103C2000040309040803570043004800040309047F
:103C30000803570043004800500000200000000027
:103C40000000000000000000000000000000000074
:103C50000000000000000000000000000000000064
:103C60000000000000000000000000000000000054
:103C70000000000000000000000000000000000044
:103C80000000000000000000000000000000000034
:103C90000000000000000000000000000000000024
:103CA0000000000000000000000000000000000014
:103CB0000000000000000000000000000000000004
:103CC00000000000000000000000000000000000F4
:103CD00000000000000000000000000000000000E4
:103CE00000000000000000000000000000000000D4
:103CF00000000000000000000000000000000000C4
:103D000000000000000000000000000000000000B3
:103D100000000000000000000000000000000000A3
:103D20000000000000000000000000000000000093
:103D30000000000000000000000000000000000083
:103D40000000000000000000000000000000000073
:103D50000000000000000000000000000000000063
:103D60000000000000000000000000000000000053
:103D70000000000000000000000000000000000043
:103D80000000000000000000000000000000000033
:103D90000000000000000000000000000000000023
:103DA0000000000000000000000000000000000013
:103DB0000000000000000000000000000000000003
:103DC00000000000000000000000000000000000F3
:103DD00000000000000000000000000000000000E3
:103DE00000000000000000000000000000000000D3
:103DF00000000000000000000000000000000000C3
:103E000000000000000000000000000000000000B2
:103E100000000000000000000000000000000000A2
:103E20000000000000000000000000000000000092
:103E30000000000000000000000000000000000082
:103E40000000000000000000000000000000000072
:103E50000000000000000000000000000000000062
:103E60000000000000000000000000000000000052
:103E70000000000000000000000000000000000042
:103E80000000000000000000000000000000000032
:103E90000000000000000000000000000000000022
:103EA0000000000000000000000000000000000012
:103EB0000000000000000000000000000000000002
:103EC00000000000000000000000000000000000F2
:103ED00000000000000000000000000000000000E2
:103EE00000000000000000000000000000000000D2
:103EF00000000000000000000000000000000000C2
:103F000000000000000000000000000000000000B1
:103F100000000000000000000000000000000000A1
:103F20000000000000000000000000000000000091
:103F30000000000000000000000000000000000081
:103F40000000000000000000000000000000000071
:103F50000000000000000000000000000000000061
:103F60000000000000000000000000000000000051
:103F70000000000000000000000000000000000041
:103F80000000000000000000000000000000000031
:103F90000000000000000000000000000000000021
:103FA0000000000000000000000000000000000011
:103FB0000000000000000000000000000000000001
:103FC00000000000000000000000000000000000F1
:103FD00000000000000000000000000000000000E1
:103FE00000000000000000000000000000000000D1
:103FF00000000000000000000000000000000000C1
:1040000000000000000000000000000000000000B0
:1040100000000000000000000000000000000000A0
:104020000000000000000000000000000000000090
:104030000000000000000000000000000000000080
:104040000000000000000000000000000000000070
:104050000000000000000000000000000000000060
:104060000000000000000000000000000000000050
:104070000000000000000000000000000000000040
:104080000000000000000000000000000000000030
:104090000000000000000000000000000000000020
:1040A0000000000000000000000000000000000010
:1040B0000000000000000000000000000000000000
:1040C00000000000000000000000000000000000F0
:1040D00000000000000000000000000000000000E0
:1040E00000000000000000000000000000000000D0
:1040F00000000000000000000000000000000000C0
:1041000000000000000000000000000000000000AF
:10411000000000000000000000000000000000009F
:10412000000000000000000000000000000000008F
:10413000000000000000000000000000000000007F
:10414000000000000000000000000000000000006F
:10415000000000000000000000000000000000005F
:10416000000000000000000000000000000000004F
:10417000000000000000000000000000000000003F
:10418000000000000000000000000000000000002F
:10419000000000000000000000000000000000001F
:1041A000000000000000000000000000000000000F
:1041B00000000000000000000000000000000000FF
:1041C00000000000000000000000000000000000EF
:1041D00000000000000000000000000000000000DF
:1041E00000000000000000000000000000000000CF
:1041F00000000000000000000000000000000000BF
:1042000000000000000000000000000000000000AE
:10421000000000000000000000000000000000009E
:10422000000000000000000000000000000000008E
:10423000000000000000000000000000000000007E
:10424000000000000000000000000000000000006E
:10425000000000000000000000000000000000005E
:10426000000000000000000000000000000000004E
:10427000000000000000000000000000000000003E
:10428000000000000000000000000000000000002E
:10429000000000000000000000000000000000001E
:1042A000000000000000000000000000000000000E
:1042B00000000000000000000000000000000000FE
:1042C00000000000000000000000000000000000EE
:1042D00000000000000000000000000000000000DE
:1042E00000000000000000000000000000000000CE
:1042F00000000000000000000000000000000000BE
:1043000000000000000000000000000000000000AD
:10431000000000000000000000000000000000009D
:10432000000000000000000000000000000000008D
:10433000000000000000000000000000000000007D
:10434000000000000000000000000000000000006D
:10435000000000000000000000000000000000005D
:10436000000000000000000000000000000000004D
:10437000000000000000000000000000000000003D
:10438000000000000000000000000000000000002D
:10439000000000000000000000000000000000001D
:1043A000000000000000000000000000000000000D
:1043B00000000000000000000000000000000000FD
:1043C00000000000000000000000000000000000ED
:1043D00000000000000000000000000000000000DD
:1043E00000000000000000000000000000000000CD
:1043F00000000000000000000000000000000000BD
:1044000000000000000000000000000000000000AC
:10441000000000000000000000000000000000009C
:10442000000000000000000000000000000000008C
:10443000000000000000000000000000000000007C
:10444000000000000000000000000000000000006C
:10445000000000000000000000000000000000005C
:10446000000000000000000000000000000000004C
:10447000000000000000000000000000000000003C
:10448000000000000000000000000000000000002C
:10449000000000000000000000000000000000001C
:1044A000000000000000000000000000000000000C
:1044B00000000000000000000000000000000000FC
:1044C00000000000000000000000000000000000EC
:1044D00000000000000000000000000000000000DC
:1044E00000000000000000000000000000000000CC
:1044F00000000000000000000000000000000000BC
:1045000000000000000000000000000000000000AB
:10451000000000000000000000000000000000009B
:10452000000000000000000000000000000000008B
:10453000000000000000000000000000000000007B
:10454000000000000000000000000000000000006B
:10455000000000000000000000000000000000005B
:10456000000000000000000000000000000000004B
:10457000000000000000000000000000000000003B
:10458000000000000000000000000000000000002B
:10459000000000000000000000000000000000001B
:1045A000000000000000000000000000000000000B
:1045B00000000000000000000000000000000000FB
:1045C00000000000000000000000000000000000EB
:1045D00000000000000000000000000000000000DB
:1045E00000000000000000000000000000000000CB
:1045F00000000000000000000000000000000000BB
:1046000000000000000000000000000000000000AA
:10461000000000000000000000000000000000009A
:10462000000000000000000000000000000000008A
:10463000000000000000000000000000000000007A
:10464000000000000000000000000000000000006A
:10465000000000000000000000000000000000005A
:10466000000000000000000000000000000000004A
:10467000000000000000000000000000000000003A
:10468000000000000000000000000000000000002A
:10469000000000000000000000000000000000001A
:1046A000000000000000000000000000000000000A
:1046B00000000000000000000000000000000000FA
:1046C00000000000000000000000000000000000EA
:1046D00000000000000000000000000000000000DA
:1046E00000000000000000000000000000000000CA
:1046F00000000000000000000000000000000000BA
:1047000000000000000000000000000000000000A9
:104710000000000000000000000000000000000099
:104720000000000000000000000000000000000089
:104730000000000000000000000000000000000079
:104740000000000000000000000000000000000069
:104750000000000000000000000000000000000059
:104760000000000000000000000000000000000049
:104770000000000000000000000000000000000039
:104780000000000000000000000000000000000029
:104790000000000000000000000000000000000019
:1047A0000000000000000000000000000000000009
:1047B00000000000000000000000000000000000F9
:1047C00000000000000000000000000000000000E9
:1047D00000000000000000000000000000000000D9
:1047E00000000000000000000000000000000000C9
:1047F00000000000000000000000000000000000B9
:1048000000000000000000000000000000000000A8
:104810000000000000000000000000000000000098
:104820000000000000000000000000000000000088
:104830000000000000000000000000000000000078
:104840000000000000000000000000000000000068
:104850000000000000000000000000000000000058
:104860000000000000000000000000000000000048
:104870000000000000000000000000000000000038
:104880000000000000000000000000000000000028
:104890000000000000000000000000000000000018
:1048A0000000000000000000000000000000000008
:1048B00000000000000000000000000000000000F8
:1048C00000000000000000000000000000000000E8
:1048D00000000000000000000000000000000000D8
:1048E00000000000000000000000000000000000C8
:1048F00000000000000000000000000000000000B8
:1049000000000000000000000000000000000000A7
:104910000000000000000000000000000000000097
:104920000000000000000000000000000000000087
:104930000000000000000000000000000000000077
:104940000000000000000000000000000000000067
:104950000000000000000000000000000000000057
:104960000000000000000000000000000000000047
:104970000000000000000000000000000000000037
:104980000000000000000000000000000000000027
:104990000000000000000000000000000000000017
:1049A0000000000000000000000000000000000007
:1049B00000000000000000000000000000000000F7
:1049C00000000000000000000000000000000000E7
:1049D00000000000000000000000000000000000D7
:1049E00000000000000000000000000000000000C7
:1049F00000000000000000000000000000000000B7
:104A000000000000000000000000000000000000A6
:104A10000000000000000000000000000000000096
:104A20000000000000000000000000000000000086
:104A30000000000000000000000000000000000076
:104A40000000000000000000000000000000000066
:104A50000000000000000000000000000000000056
:104A60000000000000000000000000000000000046
:104A70000000000000000000000000000000000036
:104A80000000000000000000000000000000000026
:104A90000000000000000000000000000000000016
:104AA0000000000000000000000000000000000006
:104AB00000000000000000000000000000000000F6
:104AC00000000000000000000000000000000000E6
:104AD00000000000000000000000000000000000D6
:104AE00000000000000000000000000000000000C6
:104AF00000000000000000000000000000000000B6
:104B000000000000000000000000000000000000A5
:104B10000000000000000000000000000000000095
:104B20000000000000000000000000000000000085
:104B30000000000000000000000000000000000075
:104B40000000000000000000000000000000000065
:104B50000000000000000000000000000000000055
:104B60000000000000000000000000000000000045
:104B70000000000000000000000000000000000035
:104B80000000000000000000000000000000000025
:104B90000000000000000000000000000000000015
:104BA0000000000000000000000000000000000005
:104BB00000000000000000000000000000000000F5
:104BC00000000000000000000000000000000000E5
:104BD00000000000000000000000000000000000D5
:104BE00000000000000000000000000000000000C5
:104BF00000000000000000000000000000000000B5
:104C000000000000000000000000000000000000A4
:104C10000000000000000000000000000000000094
:104C20000000000000000000000000000000000084
:104C30000000000000000000000000000000000074
:104C40000000000000000000000000000000000064
:104C50000000000000000000000000000000000054
:104C60000000000000000000000000000000000044
:104C70000000000000000000000000000000000034
:104C80000000000000000000000000000000000024
:104C90000000000000000000000000000000000014
:104CA0000000000000000000000000000000000004
:104CB00000000000000000000000000000000000F4
:104CC00000000000000000000000000000000000E4
:104CD00000000000000000000000000000000000D4
:104CE00000000000000000000000000000000000C4
:104CF00000000000000000000000000000000000B4
:104D000000000000000000000000000000000000A3
:104D10000000000000000000000000000000000093
:104D20000000000000000000000000000000000083
:104D30000000000000000000000000000000000073
:104D40000000000000000000000000000000000063
:104D50000000000000000000000000000000000053
:104D60000000000000000000000000000000000043
:104D70000000000000000000000000000000000033
:104D80000000000000000000000000000000000023
:104D90000000000000000000000000000000000013
:104DA0000000000000000000000000000000000003
:104DB00000000000000000000000000000000000F3
:104DC00000000000000000000000000000000000E3
:104DD00000000000000000000000000000000000D3
:104DE00000000000000000000000000000000000C3
:104DF00000000000000000000000000000000000B3
:104E000000000000000000000000000000000000A2
:104E10000000000000000000000000000000000092
:104E20000000000000000000000000000000000082
:104E30000000000000000000000000000000000072
:104E40000000000000000000000000000000000062
:104E50000000000000000000000000000000000052
:104E60000000000000000000000000000000000042
:104E70000000000000000000000000000000000032
:104E80000000000000000000000000000000000022
:104E90000000000000000000000000000000000012
:104EA0000000000000000000000000000000000002
:104EB00000000000000000000000000000000000F2
:104EC00000000000000000000000000000000000E2
:104ED00000000000000000000000000000000000D2
:104EE00000000000000000000000000000000000C2
:104EF00000000000000000000000000000000000B2
:104F000000000000000000000000000000000000A1
:104F10000000000000000000000000000000000091
:104F20000000000000000000000000000000000081
:104F30000000000000000000000000000000000071
:104F40000000000000000000000000000000000061
:104F50000000000000000000000000000000000051
:104F60000000000000000000000000000000000041
:104F70000000000000000000000000000000000031
:104F80000000000000000000000000000000000021
:104F90000000000000000000000000000000000011
:104FA0000000000000000000000000000000000001
:104FB00000000000000000000000000000000000F1
:104FC00000000000000000000000000000000000E1
:104FD00000000000000000000000000000000000D1
:104FE00000000000000000000000000000000000C1
:104FF00000000000000000000000000000000000B1
:1050000000000000000000000000000000000000A0
:105010000000000000000000000000000000000090
:105020000000000000000000000000000000000080
:105030000000000000000000000000000000000070
:105040000000000000000000000000000000000060
:105050000000000000000000000000000000000050
:105060000000000000000000000000000000000040
:105070000000000000000000000000000000000030
:105080000000000000000000000000000000000020
:105090000000000000000000000000000000000010
:1050A0000000000000000000000000000000000000
:1050B00000000000000000000000000000000000F0
:1050C00000000000000000000000000000000000E0
:1050D00000000000000000000000000000000000D0
:1050E00000000000000000000000000000000000C0
:1050F00000000000000000000000000000000000B0
:10510000000000000000000000000000000000009F
:10511000000000000000000000000000000000008F
:10512000000000000000000000000000000000007F
:10513000000000000000000000000000000000006F
:10514000000000000000000000000000000000005F
:10515000000000000000000000000000000000004F
:10516000000000000000000000000000000000003F
:10517000000000000000000000000000000000002F
:10518000000000000000000000000000000000001F
:10519000000000000000000000000000000000000F
:1051A00000000000000000000000000000000000FF
:1051B00000000000000000000000000000000000EF
:1051C00000000000000000000000000000000000DF
:1051D00000000000000000000000000000000000CF
:1051E00000000000000000000000000000000000BF
:1051F00000000000000000000000000000000000AF
:10520000000000000000000000000000000000009E
:10521000000000000000000000000000000000008E
:10522000000000000000000000000000000000007E
:10523000000000000000000000000000000000006E
:10524000000000000000000000000000000000005E
:10525000000000000000000000000000000000004E
:10526000000000000000000000000000000000003E
:10527000000000000000000000000000000000002E
:10528000000000000000000000000000000000001E
:10529000000000000000000000000000000000000E
:1052A00000000000000000000000000000000000FE
:1052B00000000000000000000000000000000000EE
:1052C00000000000000000000000000000000000DE
:1052D00000000000000000000000000000000000CE
:1052E00000000000000000000000000000000000BE
:1052F00000000000000000000000000000000000AE
:10530000000000000000000000000000000000009D
:10531000000000000000000000000000000000008D
:10532000000000000000000000000000000000007D
:10533000000000000000000000000000000000006D
:10534000000000000000000000000000000000005D
:10535000000000000000000000000000000000004D
:10536000000000000000000000000000000000003D
:10537000000000000000000000000000000000002D
:10538000000000000000000000000000000000001D
:10539000000000000000000000000000000000000D
:1053A00000000000000000000000000000000000FD
:1053B00000000000000000000000000000000000ED
:1053C00000000000000000000000000000000000DD
:1053D00000000000000000000000000000000000CD
:1053E00000000000000000000000000000000000BD
:1053F00000000000000000000000000000000000AD
:10540000000000000000000000000000000000009C
:10541000000000000000000000000000000000008C
:10542000000000000000000000000000000000007C
:10543000000000000000000000000000000000006C
:10544000000000000000000000000000000000005C
:10545000000000000000000000000000000000004C
:10546000000000000000000000000000000000003C
:10547000000000000000000000000000000000002C
:10548000000000000000000000000000000000001C
:10549000000000000000000000000000000000000C
:1054A00000000000000000000000000000000000FC
:1054B00000000000000000000000000000000000EC
:1054C00000000000000000000000000000000000DC
:1054D00000000000000000000000000000000000CC
:1054E00000000000000000000000000000000000BC
:1054F00000000000000000000000000000000000AC
:10550000000000000000000000000000000000009B
:10551000000000000000000000000000000000008B
:10552000000000000000000000000000000000007B
:10553000000000000000000000000000000000006B
:10554000000000000000000000000000000000005B
:10555000000000000000000000000000000000004B
:10556000000000000000000000000000000000003B
:10557000000000000000000000000000000000002B
:10558000000000000000000000000000000000001B
:10559000000000000000000000000000000000000B
:1055A00000000000000000000000000000000000FB
:1055B00000000000000000000000000000000000EB
:1055C00000000000000000000000000000000000DB
:1055D00000000000000000000000000000000000CB
:1055E00000000000000000000000000000000000BB
:1055F00000000000000000000000000000000000AB
:10560000000000000000000000000000000000009A
:10561000000000000000000000000000000000008A
:10562000000000000000000000000000000000007A
:10563000000000000000000000000000000000006A
:10564000000000000000000000000000000000005A
:10565000000000000000000000000000000000004A
:10566000000000000000000000000000000000003A
:10567000000000000000000000000000000000002A
:10568000000000000000000000000000000000001A
:10569000000000000000000000000000000000000A
:1056A00000000000000000000000000000000000FA
:1056B00000000000000000000000000000000000EA
:1056C00000000000000000000000000000000000DA
:1056D00000000000000000000000000000000000CA
:1056E00000000000000000000000000000000000BA
:1056F00000000000000000000000000000000000AA
:105700000000000000000000000000000000000099
:105710000000000000000000000000000000000089
:105720000000000000000000000000000000000079
:105730000000000000000000000000000000000069
:105740000000000000000000000000000000000059
:105750000000000000000000000000000000000049
:105760000000000000000000000000000000000039
:105770000000000000000000000000000000000029
:105780000000000000000000000000000000000019
:105790000000000000000000000000000000000009
:1057A00000000000000000000000000000000000F9
:1057B00000000000000000000000000000000000E9
:1057C00000000000000000000000000000000000D9
:1057D00000000000000000000000000000000000C9
:1057E00000000000000000000000000000000000B9
:1057F00000000000000000000000000000000000A9
:105800000000000000000000000000000000000098
:105810000000000000000000000000000000000088
:105820000000000000000000000000000000000078
:105830000000000000000000000000000000000068
:105840000000000000000000000000000000000058
:105850000000000000000000000000000000000048
:105860000000000000000000000000000000000038
:105870000000000000000000000000000000000028
:105880000000000000000000000000000000000018
:105890000000000000000000000000000000000008
:1058A00000000000000000000000000000000000F8
:1058B00000000000000000000000000000000000E8
:1058C00000000000000000000000000000000000D8
:1058D00000000000000000000000000000000000C8
:1058E00000000000000000000000000000000000B8
:1058F00000000000000000000000000000000000A8
:105900000000000000000000000000000000000097
:105910000000000000000000000000000000000087
:105920000000000000000000000000000000000077
:105930000000000000000000000000000000000067
:105940000000000000000000000000000000000057
:105950000000000000000000000000000000000047
:105960000000000000000000000000000000000037
:105970000000000000000000000000000000000027
:105980000000000000000000000000000000000017
:105990000000000000000000000000000000000007
:1059A00000000000000000000000000000000000F7
:1059B00000000000000000000000000000000000E7
:1059C00000000000000000000000000000000000D7
:1059D00000000000000000000000000000000000C7
:1059E00000000000000000000000000000000000B7
:1059F00000000000000000000000000000000000A7
:105A00000000000000000000000000000000000096
:105A10000000000000000000000000000000000086
:105A20000000000000000000000000000000000076
:105A30000000000000000000000000000000000066
:105A40000000000000000000000000000000000056
:105A50000000000000000000000000000000000046
:105A60000000000000000000000000000000000036
:105A70000000000000000000000000000000000026
:105A80000000000000000000000000000000000016
:105A90000000000000000000000000000000000006
:105AA00000000000000000000000000000000000F6
:105AB00000000000000000000000000000000000E6
:105AC00000000000000000000000000000000000D6
:105AD00000000000000000000000000000000000C6
:105AE00000000000000000000000000000000000B6
:105AF00000000000000000000000000000000000A6
:105B00000000000000000000000000000000000095
:105B10000000000000000000000000000000000085
:105B20000000000000000000000000000000000075
:105B30000000000000000000000000000000000065
:105B40000000000000000000000000000000000055
:105B50000000000000000000000000000000000045
:105B60000000000000000000000000000000000035
:105B70000000000000000000000000000000000025
:105B80000000000000000000000000000000000015
:105B90000000000000000000000000000000000005
:105BA00000000000000000000000000000000000F5
:105BB00000000000000000000000000000000000E5
:105BC00000000000000000000000000000000000D5
:105BD00000000000000000000000000000000000C5
:105BE00000000000000000000000000000000000B5
:105BF00000000000000000000000000000000000A5
:105C00000000000000000000000000000000000094
:105C10000000000000000000000000000000000084
:105C20000000000000000000000000000000000074
:105C30000000000000000000000000000000000064
:105C40000000000000000000000000000000000054
:105C50000000000000000000000000000000000044
:105C60000000000000000000000000000000000034
:105C70000000000000000000000000000000000024
:105C80000000000000000000000000000000000014
:105C90000000000000000000000000000000000004
:105CA00000000000000000000000000000000000F4
:105CB00000000000000000000000000000000000E4
:105CC00000000000000000000000000000000000D4
:105CD00000000000000000000000000000000000C4
:105CE00000000000000000000000000000000000B4
:105CF00000000000000000000000000000000000A4
:105D00000000000000000000000000000000000093
:105D10000000000000000000000000000000000083
:105D20000000000000000000000000000000000073
:105D30000000000000000000000000000000000063
:105D40000000000000000000000000000000000053
:105D50000000000000000000000000000000000043
:105D60000000000000000000000000000000000033
:105D70000000000000000000000000000000000023
:105D80000000000000000000000000000000000013
:105D90000000000000000000000000000000000003
:105DA00000000000000000000000000000000000F3
:105DB00000000000000000000000000000000000E3
:105DC00000000000000000000000000000000000D3
:105DD00000000000000000000000000000000000C3
:105DE00000000000000000000000000000000000B3
:105DF00000000000000000000000000000000000A3
:105E00000000000000000000000000000000000092
:105E10000000000000000000000000000000000082
:105E20000000000000000000000000000000000072
:105E30000000000000000000000000000000000062
:105E40000000000000000000000000000000000052
:105E50000000000000000000000000000000000042
:105E60000000000000000000000000000000000032
:105E70000000000000000000000000000000000022
:105E80000000000000000000000000000000000012
:105E90000000000000000000000000000000000002
:105EA00000000000000000000000000000000000F2
:105EB00000000000000000000000000000000000E2
:105EC00000000000000000000000000000000000D2
:105ED00000000000000000000000000000000000C2
:105EE00000000000000000000000000000000000B2
:105EF00000000000000000000000000000000000A2
:105F00000000000000000000000000000000000091
:105F10000000000000000000000000000000000081
:105F20000000000000000000000000000000000071
:105F30000000000000000000000000000000000061
:105F40000000000000000000000000000000000051
:105F50000000000000000000000000000000000041
:105F60000000000000000000000000000000000031
:105F70000000000000000000000000000000000021
:105F80000000000000000000000000000000000011
:105F90000000000000000000000000000000000001
:105FA00000000000000000000000000000000000F1
:105FB00000000000000000000000000000000000E1
:105FC00000000000000000000000000000000000D1
:105FD00000000000000000000000000000000000C1
:105FE00000000000000000000000000000000000B1
:105FF00000000000000000000000000000000000A1
:106000000000000000000000000000000000000090
:106010000000000000000000000000000000000080
:106020000000000000000000000000000000000070
:106030000000000000000000000000000000000060
:106040000000000000000000000000000000000050
:106050000000000000000000000000000000000040
:106060000000000000000000000000000000000030
:106070000000000000000000000000000000000020
:106080000000000000000000000000000000000010
:106090000000000000000000000000000000000000
:1060A00000000000000000000000000000000000F0
:1060B00000000000000000000000000000000000E0
:1060C00000000000000000000000000000000000D0
:1060D00000000000000000000000000000000000C0
:1060E00000000000000000000000000000000000B0
:1060F00000000000000000000000000000000000A0
:10610000000000000000000000000000000000008F
:10611000000000000000000000000000000000007F
:10612000000000000000000000000000000000006F
:10613000000000000000000000000000000000005F
:10614000000000000000000000000000000000004F
:10615000000000000000000000000000000000003F
:10616000000000000000000000000000000000002F
:10617000000000000000000000000000000000001F
:10618000000000000000000000000000000000000F
:1061900000000000000000000000000000000000FF
:1061A00000000000000000000000000000000000EF
:1061B00000000000000000000000000000000000DF
:1061C00000000000000000000000000000000000CF
:1061D00000000000000000000000000000000000BF
:1061E00000000000000000000000000000000000AF
:1061F000000000000000000000000000000000009F
:10620000000000000000000000000000000000008E
:10621000000000000000000000000000000000007E
:10622000000000000000000000000000000000006E
:10623000000000000000000000000000000000005E
:10624000000000000000000000000000000000004E
:10625000000000000000000000000000000000003E
:10626000000000000000000000000000000000002E
:10627000000000000000000000000000000000001E
:10628000000000000000000000000000000000000E
:1062900000000000000000000000000000000000FE
:1062A00000000000000000000000000000000000EE
:1062B00000000000000000000000000000000000DE
:1062C00000000000000000000000000000000000CE
:1062D00000000000000000000000000000000000BE
:1062E00000000000000000000000000000000000AE
:1062F000000000000000000000000000000000009E
:10630000000000000000000000000000000000008D
:10631000000000000000000000000000000000007D
:10632000000000000000000000000000000000006D
:10633000000000000000000000000000000000005D
:10634000000000000000000000000000000000004D
:10635000000000000000000000000000000000003D
:10636000000000000000000000000000000000002D
:10637000000000000000000000000000000000001D
:10638000000000000000000000000000000000000D
:1063900000000000000000000000000000000000FD
:1063A00000000000000000000000000000000000ED
:1063B00000000000000000000000000000000000DD
:1063C00000000000000000000000000000000000CD
:1063D00000000000000000000000000000000000BD
:1063E00000000000000000000000000000000000AD
:1063F000000000000000000000000000000000009D
:10640000000000000000000000000000000000008C
:10641000000000000000000000000000000000007C
:10642000000000000000000000000000000000006C
:10643000000000000000000000000000000000005C
:10644000000000000000000000000000000000004C
:10645000000000000000000000000000000000003C
:10646000000000000000000000000000000000002C
:10647000000000000000000000000000000000001C
:10648000000000000000000000000000000000000C
:1064900000000000000000000000000000000000FC
:1064A00000000000000000000000000000000000EC
:1064B00000000000000000000000000000000000DC
:1064C00000000000000000000000000000000000CC
:1064D00000000000000000000000000000000000BC
:1064E00000000000000000000000000000000000AC
:1064F000000000000000000000000000000000009C
:10650000000000000000000000000000000000008B
:10651000000000000000000000000000000000007B
:10652000000000000000000000000000000000006B
:10653000000000000000000000000000000000005B
:10654000000000000000000000000000000000004B
:10655000000000000000000000000000000000003B
:10656000000000000000000000000000000000002B
:10657000000000000000000000000000000000001B
:10658000000000000000000000000000000000000B
:1065900000000000000000000000000000000000FB
:1065A00000000000000000000000000000000000EB
:1065B00000000000000000000000000000000000DB
:1065C00000000000000000000000000000000000CB
:1065D00000000000000000000000000000000000BB
:1065E00000000000000000000000000000000000AB
:1065F000000000000000000000000000000000009B
:10660000000000000000000000000000000000008A
:10661000000000000000000000000000000000007A
:10662000000000000000000000000000000000006A
:10663000000000000000000000000000000000005A
:10664000000000000000000000000000000000004A
:10665000000000000000000000000000000000003A
:10666000000000000000000000000000000000002A
:10667000000000000000000000000000000000001A
:10668000000000000000000000000000000000000A
:1066900000000000000000000000000000000000FA
:1066A00000000000000000000000000000000000EA
:1066B00000000000000000000000000000000000DA
:1066C00000000000000000000000000000000000CA
:1066D00000000000000000000000000000000000BA
:1066E00000000000000000000000000000000000AA
:1066F000000000000000000000000000000000009A
:106700000000000000000000000000000000000089
:106710000000000000000000000000000000000079
:106720000000000000000000000000000000000069
:106730000000000000000000000000000000000059
:106740000000000000000000000000000000000049
:106750000000000000000000000000000000000039
:106760000000000000000000000000000000000029
:106770000000000000000000000000000000000019
:106780000000000000000000000000000000000009
:1067900000000000000000000000000000000000F9
:1067A00000000000000000000000000000000000E9
:1067B00000000000000000000000000000000000D9
:1067C00000000000000000000000000000000000C9
:1067D00000000000000000000000000000000000B9
:1067E00000000000000000000000000000000000A9
:1067F0000000000000000000000000000000000099
:106800000000000000000000000000000000000088
:106810000000000000000000000000000000000078
:106820000000000000000000000000000000000068
:106830000000000000000000000000000000000058
:106840000000000000000000000000000000000048
:106850000000000000000000000000000000000038
:106860000000000000000000000000000000000028
:106870000000000000000000000000000000000018
:106880000000000000000000000000000000000008
:1068900000000000000000000000000000000000F8
:1068A00000000000000000000000000000000000E8
:1068B00000000000000000000000000000000000D8
:1068C00000000000000000000000000000000000C8
:1068D00000000000000000000000000000000000B8
:1068E00000000000000000000000000000000000A8
:1068F0000000000000000000000000000000000098
:106900000000000000000000000000000000000087
:106910000000000000000000000000000000000077
:106920000000000000000000000000000000000067
:106930000000000000000000000000000000000057
:106940000000000000000000000000000000000047
:106950000000000000000000000000000000000037
:106960000000000000000000000000000000000027
:106970000000000000000000000000000000000017
:106980000000000000000000000000000000000007
:1069900000000000000000000000000000000000F7
:1069A00000000000000000000000000000000000E7
:1069B00000000000000000000000000000000000D7
:1069C00000000000000000000000000000000000C7
:1069D00000000000000000000000000000000000B7
:1069E00000000000000000000000000000000000A7
:1069F0000000000000000000000000000000000097
:106A00000000000000000000000000000000000086
:106A10000000000000000000000000000000000076
:106A20000000000000000000000000000000000066
:106A30000000000000000000000000000000000056
:106A40000000000000000000000000000000000046
:106A50000000000000000000000000000000000036
:106A60000000000000000000000000000000000026
:106A70000000000000000000000000000000000016
:106A80000000000000000000000000000000000006
:106A900000000000000000000000000000000000F6
:106AA00000000000000000000000000000000000E6
:106AB00000000000000000000000000000000000D6
:106AC00000000000000000000000000000000000C6
:106AD00000000000000000000000000000000000B6
:106AE00000000000000000000000000000000000A6
:106AF0000000000000000000000000000000000096
:106B00000000000000000000000000000000000085
:106B10000000000000000000000000000000000075
:106B20000000000000000000000000000000000065
:106B30000000000000000000000000000000000055
:106B40000000000000000000000000000000000045
:106B50000000000000000000000000000000000035
:106B60000000000000000000000000000000000025
:106B70000000000000000000000000000000000015
:106B80000000000000000000000000000000000005
:106B900000000000000000000000000000000000F5
:106BA00000000000000000000000000000000000E5
:106BB00000000000000000000000000000000000D5
:106BC00000000000000000000000000000000000C5
:106BD00000000000000000000000000000000000B5
:106BE00000000000000000000000000000000000A5
:106BF0000000000000000000000000000000000095
:106C00000000000000000000000000000000000084
:106C10000000000000000000000000000000000074
:106C20000000000000000000000000000000000064
:106C30000000000000000000000000000000000054
:106C40000000000000000000000000000000000044
:106C50000000000000000000000000000000000034
:106C60000000000000000000000000000000000024
:106C70000000000000000000000000000000000014
:106C80000000000000000000000000000000000004
:106C900000000000000000000000000000000000F4
:106CA00000000000000000000000000000000000E4
:106CB00000000000000000000000000000000000D4
:106CC00000000000000000000000000000000000C4
:106CD00000000000000000000000000000000000B4
:106CE00000000000000000000000000000000000A4
:106CF0000000000000000000000000000000000094
:106D00000000000000000000000000000000000083
:106D10000000000000000000000000000000000073
:106D20000000000000000000000000000000000063
:106D30000000000000000000000000000000000053
:106D40000000000000000000000000000000000043
:106D50000000000000000000000000000000000033
:106D60000000000000000000000000000000000023
:106D70000000000000000000000000000000000013
:106D80000000000000000000000000000000000003
:106D900000000000000000000000000000000000F3
:106DA00000000000000000000000000000000000E3
:106DB00000000000000000000000000000000000D3
:106DC00000000000000000000000000000000000C3
:106DD00000000000000000000000000000000000B3
:106DE00000000000000000000000000000000000A3
:106DF0000000000000000000000000000000000093
:106E00000000000000000000000000000000000082
:106E10000000000000000000000000000000000072
:106E20000000000000000000000000000000000062
:106E30000000000000000000000000000000000052
:106E40000000000000000000000000000000000042
:106E50000000000000000000000000000000000032
:106E60000000000000000000000000000000000022
:106E70000000000000000000000000000000000012
:106E80000000000000000000000000000000000002
:106E900000000000000000000000000000000000F2
:106EA00000000000000000000000000000000000E2
:106EB00000000000000000000000000000000000D2
:106EC00000000000000000000000000000000000C2
:106ED00000000000000000000000000000000000B2
:106EE00000000000000000000000000000000000A2
:106EF0000000000000000000000000000000000092
:106F00000000000000000000000000000000000081
:106F10000000000000000000000000000000000071
:106F20000000000000000000000000000000000061
:106F30000000000000000000000000000000000051
:106F40000000000000000000000000000000000041
:106F50000000000000000000000000000000000031
:106F60000000000000000000000000000000000021
:106F70000000000000000000000000000000000011
:106F80000000000000000000000000000000000001
:106F900000000000000000000000000000000000F1
:106FA00000000000000000000000000000000000E1
:106FB00000000000000000000000000000000000D1
:106FC00000000000000000000000000000000000C1
:106FD00000000000000000000000000000000000B1
:106FE00000000000000000000000000000000000A1
:106FF0000000000000000000000000000000000091
:107000000000000000000000000000000000000080
:107010000000000000000000000000000000000070
:107020000000000000000000000000000000000060
:107030000000000000000000000000000000000050
:107040000000000000000000000000000000000040
:107050000000000000000000000000000000000030
:107060000000000000000000000000000000000020
:107070000000000000000000000000000000000010
:107080000000000000000000000000000000000000
:1070900000000000000000000000000000000000F0
:1070A00000000000000000000000000000000000E0
:1070B00000000000000000000000000000000000D0
:1070C00000000000000000000000000000000000C0
:1070D00000000000000000000000000000000000B0
:1070E00000000000000000000000000000000000A0
:1070F0000000000000000000000000000000000090
:10710000000000000000000000000000000000007F
:10711000000000000000000000000000000000006F
:10712000000000000000000000000000000000005F
:10713000000000000000000000000000000000004F
:10714000000000000000000000000000000000003F
:10715000000000000000000000000000000000002F
:10716000000000000000000000000000000000001F
:10717000000000000000000000000000000000000F
:1071800000000000000000000000000000000000FF
:1071900000000000000000000000000000000000EF
:1071A00000000000000000000000000000000000DF
:1071B00000000000000000000000000000000000CF
:1071C00000000000000000000000000000000000BF
:1071D00000000000000000000000000000000000AF
:1071E000000000000000000000000000000000009F
:1071F000000000000000000000000000000000008F
:10720000000000000000000000000000000000007E
:10721000000000000000000000000000000000006E
:10722000000000000000000000000000000000005E
:10723000000000000000000000000000000000004E
:10724000000000000000000000000000000000003E
:10725000000000000000000000000000000000002E
:10726000000000000000000000000000000000001E
:10727000000000000000000000000000000000000E
:1072800000000000000000000000000000000000FE
:1072900000000000000000000000000000000000EE
:1072A00000000000000000000000000000000000DE
:1072B00000000000000000000000000000000000CE
:1072C00000000000000000000000000000000000BE
:1072D00000000000000000000000000000000000AE
:1072E000000000000000000000000000000000009E
:1072F000000000000000000000000000000000008E
:10730000000000000000000000000000000000007D
:10731000000000000000000000000000000000006D
:10732000000000000000000000000000000000005D
:10733000000000000000000000000000000000004D
:10734000000000000000000000000000000000003D
:10735000000000000000000000000000000000002D
:10736000000000000000000000000000000000001D
:10737000000000000000000000000000000000000D
:1073800000000000000000000000000000000000FD
:1073900000000000000000000000000000000000ED
:1073A00000000000000000000000000000000000DD
:1073B00000000000000000000000000000000000CD
:1073C00000000000000000000000000000000000BD
:1073D00000000000000000000000000000000000AD
:1073E000000000000000000000000000000000009D
:1073F000000000000000000000000000000000008D
:10740000000000000000000000000000000000007C
:10741000000000000000000000000000000000006C
:10742000000000000000000000000000000000005C
:10743000000000000000000000000000000000004C
:10744000000000000000000000000000000000003C
:10745000000000000000000000000000000000002C
:10746000000000000000000000000000000000001C
:10747000000000000000000000000000000000000C
:1074800000000000000000000000000000000000FC
:1074900000000000000000000000000000000000EC
:1074A00000000000000000000000000000000000DC
:1074B00000000000000000000000000000000000CC
:1074C00000000000000000000000000000000000BC
:1074D00000000000000000000000000000000000AC
:1074E000000000000000000000000000000000009C
:1074F000000000000000000000000000000000008C
:10750000000000000000000000000000000000007B
:10751000000000000000000000000000000000006B
:10752000000000000000000000000000000000005B
:10753000000000000000000000000000000000004B
:10754000000000000000000000000000000000003B
:10755000000000000000000000000000000000002B
:10756000000000000000000000000000000000001B
:10757000000000000000000000000000000000000B
:1075800000000000000000000000000000000000FB
:1075900000000000000000000000000000000000EB
:1075A00000000000000000000000000000000000DB
:1075B00000000000000000000000000000000000CB
:1075C00000000000000000000000000000000000BB
:1075D00000000000000000000000000000000000AB
:1075E000000000000000000000000000000000009B
:1075F000000000000000000000000000000000008B
:10760000000000000000000000000000000000007A
:10761000000000000000000000000000000000006A
:10762000000000000000000000000000000000005A
:10763000000000000000000000000000000000004A
:10764000000000000000000000000000000000003A
:10765000000000000000000000000000000000002A
:10766000000000000000000000000000000000001A
:10767000000000000000000000000000000000000A
:1076800000000000000000000000000000000000FA
:1076900000000000000000000000000000000000EA
:1076A00000000000000000000000000000000000DA
:1076B00000000000000000000000000000000000CA
:1076C00000000000000000000000000000000000BA
:1076D00000000000000000000000000000000000AA
:1076E000000000000000000000000000000000009A
:1076F000000000000000000000000000000000008A
:107700000000000000000000000000000000000079
:107710000000000000000000000000000000000069
:107720000000000000000000000000000000000059
:107730000000000000000000000000000000000049
:107740000000000000000000000000000000000039
:107750000000000000000000000000000000000029
:107760000000000000000000000000000000000019
:107770000000000000000000000000000000000009
:1077800000000000000000000000000000000000F9
:1077900000000000000000000000000000000000E9
:1077A00000000000000000000000000000000000D9
:1077B00000000000000000000000000000000000C9
:1077C00000000000000000000000000000000000B9
:1077D00000000000000000000000000000000000A9
:1077E0000000000000000000000000000000000099
:1077F0000000000000000000000000000000000089
:107800000000000000000000000000000000000078
:107810000000000000000000000000000000000068
:107820000000000000000000000000000000000058
:107830000000000000000000000000000000000048
:107840000000000000000000000000000000000038
:107850000000000000000000000000000000000028
:107860000000000000000000000000000000000018
:107870000000000000000000000000000000000008
:1078800000000000000000000000000000000000F8
:1078900000000000000000000000000000000000E8
:1078A00000000000000000000000000000000000D8
:1078B00000000000000000000000000000000000C8
:1078C00000000000000000000000000000000000B8
:1078D00000000000000000000000000000000000A8
:1078E0000000000000000000000000000000000098
:1078F0000000000000000000000000000000000088
:107900000000000000000000000000000000000077
:107910000000000000000000000000000000000067
:107920000000000000000000000000000000000057
:107930000000000000000000000000000000000047
:107940000000000000000000000000000000000037
:107950000000000000000000000000000000000027
:107960000000000000000000000000000000000017
:107970000000000000000000000000000000000007
:1079800000000000000000000000000000000000F7
:1079900000000000000000000000000000000000E7
:1079A00000000000000000000000000000000000D7
:1079B00000000000000000000000000000000000C7
:1079C00000000000000000000000000000000000B7
:1079D00000000000000000000000000000000000A7
:1079E0000000000000000000000000000000000097
:1079F0000000000000000000000000000000000087
:107A00000000000000000000000000000000000076
:107A10000000000000000000000000000000000066
:107A20000000000000000000000000000000000056
:107A30000000000000000000000000000000000046
:107A40000000000000000000000000000000000036
:107A50000000000000000000000000000000000026
:107A60000000000000000000000000000000000016
:107A70000000000000000000000000000000000006
:107A800000000000000000000000000000000000F6
:107A900000000000000000000000000000000000E6
:107AA00000000000000000000000000000000000D6
:107AB00000000000000000000000000000000000C6
:107AC00000000000000000000000000000000000B6
:107AD00000000000000000000000000000000000A6
:107AE0000000000000000000000000000000000096
:107AF0000000000000000000000000000000000086
:107B00000000000000000000000000000000000075
:107B10000000000000000000000000000000000065
:107B20000000000000000000000000000000000055
:107B30000000000000000000000000000000000045
:107B40000000000000000000000000000000000035
:107B50000000000000000000000000000000000025
:107B60000000000000000000000000000000000015
:107B70000000000000000000000000000000000005
:107B800000000000000000000000000000000000F5
:107B900000000000000000000000000000000000E5
:107BA00000000000000000000000000000000000D5
:107BB00000000000000000000000000000000000C5
:107BC00000000000000000000000000000000000B5
:107BD00000000000000000000000000000000000A5
:107BE0000000000000000000000000000000000095
:107BF0000000000000000000000000000000000085
:107C00000000000000000000000000000000000074
:107C10000000000000000000000000000000000064
:107C20000000000000000000000000000000000054
:107C30000000000000000000000000000000000044
:107C40000000000000000000000000000000000034
:107C50000000000000000000000000000000000024
:107C60000000000000000000000000000000000014
:107C70000000000000000000000000000000000004
:107C800000000000000000000000000000000000F4
:107C900000000000000000000000000000000000E4
:107CA00000000000000000000000000000000000D4
:107CB00000000000000000000000000000000000C4
:107CC00000000000000000000000000000000000B4
:107CD00000000000000000000000000000000000A4
:107CE0000000000000000000000000000000000094
:107CF0000000000000000000000000000000000084
:107D00000000000000000000000000000000000073
:107D10000000000000000000000000000000000063
:107D20000000000000000000000000000000000053
:107D30000000000000000000000000000000000043
:107D40000000000000000000000000000000000033
:107D50000000000000000000000000000000000023
:107D60000000000000000000000000000000000013
:107D70000000000000000000000000000000000003
:107D800000000000000000000000000000000000F3
:107D900000000000000000000000000000000000E3
:107DA00000000000000000000000000000000000D3
:107DB00000000000000000000000000000000000C3
:107DC00000000000000000000000000000000000B3
:107DD00000000000000000000000000000000000A3
:107DE0000000000000000000000000000000000093
:107DF0000000000000000000000000000000000083
:107E00000000000000000000000000000000000072
:107E10000000000000000000000000000000000062
:107E20000000000000000000000000000000000052
:107E30000000000000000000000000000000000042
:107E40000000000000000000000000000000000032
:107E50000000000000000000000000000000000022
:107E60000000000000000000000000000000000012
:107E70000000000000000000000000000000000002
:107E800000000000000000000000000000000000F2
:107E900000000000000000000000000000000000E2
:107EA00000000000000000000000000000000000D2
:107EB00000000000000000000000000000000000C2
:107EC00000000000000000000000000000000000B2
:107ED00000000000000000000000000000000000A2
:107EE0000000000000000000000000000000000092
:107EF0000000000000000000000000000000000082
:107F00000000000000000000000000000000000071
:107F10000000000000000000000000000000000061
:107F20000000000000000000000000000000000051
:107F30000000000000000000000000000000000041
:107F40000000000000000000000000000000000031
:107F50000000000000000000000000000000000021
:107F60000000000000000000000000000000000011
:107F70000000000000000000000000000000000001
:107F800000000000000000000000000000000000F1
:107F900000000000000000000000000000000000E1
:107FA00000000000000000000000000000000000D1
:107FB00000000000000000000000000000000000C1
:107FC00000000000000000000000000000000000B1
:107FD00000000000000000000000000000000000A1
:107FE0000000000000000000000000000000000091
:107FF0000000000000000000000000000000000081
:108000000000000000000000000000000000000070
:108010000000000000000000000000000000000060
:108020000000000000000000000000000000000050
:108030000000000000000000000000000000000040
:108040000000000000000000000000000000000030
:108050000000000000000000000000000000000020
:108060000000000000000000000000000000000010
:108070000000000000000000000000000000000000
:1080800000000000000000000000000000000000F0
:1080900000000000000000000000000000000000E0
:1080A00000000000000000000000000000000000D0
:1080B00000000000000000000000000000000000C0
:1080C00000000000000000000000000000000000B0
:1080D00000000000000000000000000000000000A0
:1080E0000000000000000000000000000000000090
:1080F0000000000000000000000000000000000080
:10810000000000000000000000000000000000006F
:10811000000000000000000000000000000000005F
:10812000000000000000000000000000000000004F
:10813000000000000000000000000000000000003F
:10814000000000000000000000000000000000002F
:10815000000000000000000000000000000000001F
:10816000000000000000000000000000000000000F
:1081700000000000000000000000000000000000FF
:1081800000000000000000000000000000000000EF
:1081900000000000000000000000000000000000DF
:1081A00000000000000000000000000000000000CF
:1081B00000000000000000000000000000000000BF
:1081C00000000000000000000000000000000000AF
:1081D000000000000000000000000000000000009F
:1081E000000000000000000000000000000000008F
:1081F000000000000000000000000000000000007F
:10820000000000000000000000000000000000006E
:10821000000000000000000000000000000000005E
:10822000000000000000000000000000000000004E
:10823000000000000000000000000000000000003E
:10824000000000000000000000000000000000002E
:10825000000000000000000000000000000000001E
:10826000000000000000000000000000000000000E
:1082700000000000000000000000000000000000FE
:1082800000000000000000000000000000000000EE
:1082900000000000000000000000000000000000DE
:1082A00000000000000000000000000000000000CE
:1082B00000000000000000000000000000000000BE
:1082C00000000000000000000000000000000000AE
:1082D000000000000000000000000000000000009E
:1082E000000000000000000000000000000000008E
:1082F000000000000000000000000000000000007E
:10830000000000000000000000000000000000006D
:10831000000000000000000000000000000000005D
:10832000000000000000000000000000000000004D
:10833000000000000000000000000000000000003D
:10834000000000000000000000000000000000002D
:10835000000000000000000000000000000000001D
:10836000000000000000000000000000000000000D
:1083700000000000000000000000000000000000FD
:1083800000000000000000000000000000000000ED
:1083900000000000000000000000000000000000DD
:1083A00000000000000000000000000000000000CD
:1083B00000000000000000000000000000000000BD
:1083C00000000000000000000000000000000000AD
:1083D000000000000000000000000000000000009D
:1083E000000000000000000000000000000000008D
:1083F000000000000000000000000000000000007D
:10840000000000000000000000000000000000006C
:10841000000000000000000000000000000000005C
:10842000000000000000000000000000000000004C
:10843000000000000000000000000000000000003C
:10844000000000000000000000000000000000002C
:10845000000000000000000000000000000000001C
:10846000000000000000000000000000000000000C
:1084700000000000000000000000000000000000FC
:1084800000000000000000000000000000000000EC
:1084900000000000000000000000000000000000DC
:1084A00000000000000000000000000000000000CC
:1084B00000000000000000000000000000000000BC
:1084C00000000000000000000000000000000000AC
:1084D000000000000000000000000000000000009C
:1084E000000000000000000000000000000000008C
:1084F000000000000000000000000000000000007C
:10850000000000000000000000000000000000006B
:10851000000000000000000000000000000000005B
:10852000000000000000000000000000000000004B
:10853000000000000000000000000000000000003B
:10854000000000000000000000000000000000002B
:10855000000000000000000000000000000000001B
:10856000000000000000000000000000000000000B
:1085700000000000000000000000000000000000FB
:1085800000000000000000000000000000000000EB
:1085900000000000000000000000000000000000DB
:1085A00000000000000000000000000000000000CB
:1085B00000000000000000000000000000000000BB
:1085C00000000000000000000000000000000000AB
:1085D000000000000000000000000000000000009B
:1085E000000000000000000000000000000000008B
:1085F000000000000000000000000000000000007B
:10860000000000000000000000000000000000006A
:10861000000000000000000000000000000000005A
:10862000000000000000000000000000000000004A
:10863000000000000000000000000000000000003A
:10864000000000000000000000000000000000002A
:10865000000000000000000000000000000000001A
:10866000000000000000000000000000000000000A
:1086700000000000000000000000000000000000FA
:1086800000000000000000000000000000000000EA
:1086900000000000000000000000000000000000DA
:1086A00000000000000000000000000000000000CA
:1086B00000000000000000000000000000000000BA
:1086C00000000000000000000000000000000000AA
:1086D000000000000000000000000000000000009A
:1086E000000000000000000000000000000000008A
:1086F000000000000000000000000000000000007A
:108700000000000000000000000000000000000069
:108710000000000000000000000000000000000059
:108720000000000000000000000000000000000049
:108730000000000000000000000000000000000039
:108740000000000000000000000000000000000029
:108750000000000000000000000000000000000019
:108760000000000000000000000000000000000009
:1087700000000000000000000000000000000000F9
:1087800000000000000000000000000000000000E9
:1087900000000000000000000000000000000000D9
:1087A00000000000000000000000000000000000C9
:1087B00000000000000000000000000000000000B9
:1087C00000000000000000000000000000000000A9
:1087D0000000000000000000000000000000000099
:1087E0000000000000000000000000000000000089
:1087F0000000000000000000000000000000000079
:108800000000000000000000000000000000000068
:108810000000000000000000000000000000000058
:108820000000000000000000000000000000000048
:108830000000000000000000000000000000000038
:108840000000000000000000000000000000000028
:108850000000000000000000000000000000000018
:108860000000000000000000000000000000000008
:1088700000000000000000000000000000000000F8
:1088800000000000000000000000000000000000E8
:1088900000000000000000000000000000000000D8
:1088A00000000000000000000000000000000000C8
:1088B00000000000000000000000000000000000B8
:1088C00000000000000000000000000000000000A8
:1088D0000000000000000000000000000000000098
:1088E0000000000000000000000000000000000088
:1088F0000000000000000000000000000000000078
:108900000000000000000000000000000000000067
:108910000000000000000000000000000000000057
:108920000000000000000000000000000000000047
:108930000000000000000000000000000000000037
:108940000000000000000000000000000000000027
:108950000000000000000000000000000000000017
:108960000000000000000000000000000000000007
:1089700000000000000000000000000000000000F7
:1089800000000000000000000000000000000000E7
:1089900000000000000000000000000000000000D7
:1089A00000000000000000000000000000000000C7
:1089B00000000000000000000000000000000000B7
:1089C00000000000000000000000000000000000A7
:1089D0000000000000000000000000000000000097
:1089E0000000000000000000000000000000000087
:1089F0000000000000000000000000000000000077
:108A00000000000000000000000000000000000066
:108A10000000000000000000000000000000000056
:108A20000000000000000000000000000000000046
:108A30000000000000000000000000000000000036
:108A40000000000000000000000000000000000026
:108A50000000000000000000000000000000000016
:108A60000000000000000000000000000000000006
:108A700000000000000000000000000000000000F6
:108A800000000000000000000000000000000000E6
:108A900000000000000000000000000000000000D6
:108AA00000000000000000000000000000000000C6
:108AB00000000000000000000000000000000000B6
:108AC00000000000000000000000000000000000A6
:108AD0000000000000000000000000000000000096
:108AE0000000000000000000000000000000000086
:108AF0000000000000000000000000000000000076
:108B00000000000000000000000000000000000065
:108B10000000000000000000000000000000000055
:108B20000000000000000000000000000000000045
:108B30000000000000000000000000000000000035
:108B40000000000000000000000000000000000025
:108B50000000000000000000000000000000000015
:108B60000000000000000000000000000000000005
:108B700000000000000000000000000000000000F5
:108B800000000000000000000000000000000000E5
:108B900000000000000000000000000000000000D5
:108BA00000000000000000000000000000000000C5
:108BB00000000000000000000000000000000000B5
:108BC00000000000000000000000000000000000A5
:108BD0000000000000000000000000000000000095
:108BE0000000000000000000000000000000000085
:108BF0000000000000000000000000000000000075
:108C00000000000000000000000000000000000064
:108C10000000000000000000000000000000000054
:108C20000000000000000000000000000000000044
:108C30000000000000000000000000000000000034
:108C40000000000000000000000000000000000024
:108C50000000000000000000000000000000000014
:108C60000000000000000000000000000000000004
:108C700000000000000000000000000000000000F4
:108C800000000000000000000000000000000000E4
:108C900000000000000000000000000000000000D4
:108CA00000000000000000000000000000000000C4
:108CB00000000000000000000000000000000000B4
:108CC00000000000000000000000000000000000A4
:108CD0000000000000000000000000000000000094
:108CE0000000000000000000000000000000000084
:108CF0000000000000000000000000000000000074
:108D00000000000000000000000000000000000063
:108D10000000000000000000000000000000000053
:108D20000000000000000000000000000000000043
:108D30000000000000000000000000000000000033
:108D40000000000000000000000000000000000023
:108D50000000000000000000000000000000000013
:108D60000000000000000000000000000000000003
:108D700000000000000000000000000000000000F3
:108D800000000000000000000000000000000000E3
:108D900000000000000000000000000000000000D3
:108DA00000000000000000000000000000000000C3
:108DB00000000000000000000000000000000000B3
:108DC00000000000000000000000000000000000A3
:108DD0000000000000000000000000000000000093
:108DE0000000000000000000000000000000000083
:108DF0000000000000000000000000000000000073
:108E00000000000000000000000000000000000062
:108E10000000000000000000000000000000000052
:108E20000000000000000000000000000000000042
:108E30000000000000000000000000000000000032
:108E40000000000000000000000000000000000022
:108E50000000000000000000000000000000000012
:108E60000000000000000000000000000000000002
:108E700000000000000000000000000000000000F2
:108E800000000000000000000000000000000000E2
:108E900000000000000000000000000000000000D2
:108EA00000000000000000000000000000000000C2
:108EB00000000000000000000000000000000000B2
:108EC00000000000000000000000000000000000A2
:108ED0000000000000000000000000000000000092
:108EE0000000000000000000000000000000000082
:108EF0000000000000000000000000000000000072
:108F00000000000000000000000000000000000061
:108F10000000000000000000000000000000000051
:108F20000000000000000000000000000000000041
:108F30000000000000000000000000000000000031
:108F40000000000000000000000000000000000021
:108F50000000000000000000000000000000000011
:108F60000000000000000000000000000000000001
:108F700000000000000000000000000000000000F1
:108F800000000000000000000000000000000000E1
:108F900000000000000000000000000000000000D1
:108FA00000000000000000000000000000000000C1
:108FB00000000000000000000000000000000000B1
:108FC00000000000000000000000000000000000A1
:108FD0000000000000000000000000000000000091
:108FE0000000000000000000000000000000000081
:108FF0000000000000000000000000000000000071
:109000000000000000000000000000000000000060
:109010000000000000000000000000000000000050
:109020000000000000000000000000000000000040
:109030000000000000000000000000000000000030
:109040000000000000000000000000000000000020
:109050000000000000000000000000000000000010
:109060000000000000000000000000000000000000
:1090700000000000000000000000000000000000F0
:1090800000000000000000000000000000000000E0
:1090900000000000000000000000000000000000D0
:1090A00000000000000000000000000000000000C0
:1090B00000000000000000000000000000000000B0
:1090C00000000000000000000000000000000000A0
:1090D0000000000000000000000000000000000090
:1090E0000000000000000000000000000000000080
:1090F0000000000000000000000000000000000070
:10910000000000000000000000000000000000005F
:10911000000000000000000000000000000000004F
:10912000000000000000000000000000000000003F
:10913000000000000000000000000000000000002F
:10914000000000000000000000000000000000001F
:10915000000000000000000000000000000000000F
:1091600000000000000000000000000000000000FF
:1091700000000000000000000000000000000000EF
:1091800000000000000000000000000000000000DF
:1091900000000000000000000000000000000000CF
:1091A00000000000000000000000000000000000BF
:1091B00000000000000000000000000000000000AF
:1091C000000000000000000000000000000000009F
:1091D000000000000000000000000000000000008F
:1091E000000000000000000000000000000000007F
:1091F000000000000000000000000000000000006F
:10920000000000000000000000000000000000005E
:10921000000000000000000000000000000000004E
:10922000000000000000000000000000000000003E
:10923000000000000000000000000000000000002E
:10924000000000000000000000000000000000001E
:10925000000000000000000000000000000000000E
:1092600000000000000000000000000000000000FE
:1092700000000000000000000000000000000000EE
:1092800000000000000000000000000000000000DE
:1092900000000000000000000000000000000000CE
:1092A00000000000000000000000000000000000BE
:1092B00000000000000000000000000000000000AE
:1092C000000000000000000000000000000000009E
:1092D000000000000000000000000000000000008E
:1092E000000000000000000000000000000000007E
:1092F000000000000000000000000000000000006E
:10930000000000000000000000000000000000005D
:10931000000000000000000000000000000000004D
:10932000000000000000000000000000000000003D
:10933000000000000000000000000000000000002D
:10934000000000000000000000000000000000001D
:10935000000000000000000000000000000000000D
:1093600000000000000000000000000000000000FD
:1093700000000000000000000000000000000000ED
:1093800000000000000000000000000000000000DD
:1093900000000000000000000000000000000000CD
:1093A00000000000000000000000000000000000BD
:1093B00000000000000000000000000000000000AD
:1093C000000000000000000000000000000000009D
:1093D000000000000000000000000000000000008D
:1093E000000000000000000000000000000000007D
:1093F000000000000000000000000000000000006D
:10940000000000000000000000000000000000005C
:10941000000000000000000000000000000000004C
:10942000000000000000000000000000000000003C
:10943000000000000000000000000000000000002C
:10944000000000000000000000000000000000001C
:10945000000000000000000000000000000000000C
:1094600000000000000000000000000000000000FC
:1094700000000000000000000000000000000000EC
:1094800000000000000000000000000000000000DC
:1094900000000000000000000000000000000000CC
:1094A00000000000000000000000000000000000BC
:1094B00000000000000000000000000000000000AC
:1094C000000000000000000000000000000000009C
:1094D000000000000000000000000000000000008C
:1094E000000000000000000000000000000000007C
:1094F000000000000000000000000000000000006C
:10950000000000000000000000000000000000005B
:10951000000000000000000000000000000000004B
:10952000000000000000000000000000000000003B
:10953000000000000000000000000000000000002B
:10954000000000000000000000000000000000001B
:10955000000000000000000000000000000000000B
:1095600000000000000000000000000000000000FB
:1095700000000000000000000000000000000000EB
:1095800000000000000000000000000000000000DB
:1095900000000000000000000000000000000000CB
:1095A00000000000000000000000000000000000BB
:1095B00000000000000000000000000000000000AB
:1095C000000000000000000000000000000000009B
:1095D000000000000000000000000000000000008B
:1095E000000000000000000000000000000000007B
:1095F000000000000000000000000000000000006B
:10960000000000000000000000000000000000005A
:10961000000000000000000000000000000000004A
:10962000000000000000000000000000000000003A
:10963000000000000000000000000000000000002A
:10964000000000000000000000000000000000001A
:10965000000000000000000000000000000000000A
:1096600000000000000000000000000000000000FA
:1096700000000000000000000000000000000000EA
:1096800000000000000000000000000000000000DA
:1096900000000000000000000000000000000000CA
:1096A00000000000000000000000000000000000BA
:1096B00000000000000000000000000000000000AA
:1096C000000000000000000000000000000000009A
:1096D000000000000000000000000000000000008A
:1096E000000000000000000000000000000000007A
:1096F000000000000000000000000000000000006A
:109700000000000000000000000000000000000059
:109710000000000000000000000000000000000049
:109720000000000000000000000000000000000039
:109730000000000000000000000000000000000029
:109740000000000000000000000000000000000019
:109750000000000000000000000000000000000009
:1097600000000000000000000000000000000000F9
:1097700000000000000000000000000000000000E9
:1097800000000000000000000000000000000000D9
:1097900000000000000000000000000000000000C9
:1097A00000000000000000000000000000000000B9
:1097B00000000000000000000000000000000000A9
:1097C0000000000000000000000000000000000099
:1097D0000000000000000000000000000000000089
:1097E0000000000000000000000000000000000079
:1097F0000000000000000000000000000000000069
:109800000000000000000000000000000000000058
:109810000000000000000000000000000000000048
:109820000000000000000000000000000000000038
:109830000000000000000000000000000000000028
:109840000000000000000000000000000000000018
:109850000000000000000000000000000000000008
:1098600000000000000000000000000000000000F8
:1098700000000000000000000000000000000000E8
:1098800000000000000000000000000000000000D8
:1098900000000000000000000000000000000000C8
:1098A00000000000000000000000000000000000B8
:1098B00000000000000000000000000000000000A8
:1098C0000000000000000000000000000000000098
:1098D0000000000000000000000000000000000088
:1098E0000000000000000000000000000000000078
:1098F0000000000000000000000000000000000068
:109900000000000000000000000000000000000057
:109910000000000000000000000000000000000047
:109920000000000000000000000000000000000037
:109930000000000000000000000000000000000027
:109940000000000000000000000000000000000017
:109950000000000000000000000000000000000007
:1099600000000000000000000000000000000000F7
:1099700000000000000000000000000000000000E7
:1099800000000000000000000000000000000000D7
:1099900000000000000000000000000000000000C7
:1099A00000000000000000000000000000000000B7
:1099B00000000000000000000000000000000000A7
:1099C0000000000000000000000000000000000097
:1099D0000000000000000000000000000000000087
:1099E0000000000000000000000000000000000077
:1099F0000000000000000000000000000000000067
:109A00000000000000000000000000000000000056
:109A10000000000000000000000000000000000046
:109A20000000000000000000000000000000000036
:109A30000000000000000000000000000000000026
:109A40000000000000000000000000000000000016
:109A50000000000000000000000000000000000006
:109A600000000000000000000000000000000000F6
:109A700000000000000000000000000000000000E6
:109A800000000000000000000000000000000000D6
:109A900000000000000000000000000000000000C6
:109AA00000000000000000000000000000000000B6
:109AB00000000000000000000000000000000000A6
:109AC0000000000000000000000000000000000096
:109AD0000000000000000000000000000000000086
:109AE0000000000000000000000000000000000076
:109AF0000000000000000000000000000000000066
:109B00000000000000000000000000000000000055
:109B10000000000000000000000000000000000045
:109B20000000000000000000000000000000000035
:109B30000000000000000000000000000000000025
:109B40000000000000000000000000000000000015
:109B50000000000000000000000000000000000005
:109B600000000000000000000000000000000000F5
:109B700000000000000000000000000000000000E5
:109B800000000000000000000000000000000000D5
:109B900000000000000000000000000000000000C5
:109BA00000000000000000000000000000000000B5
:109BB00000000000000000000000000000000000A5
:109BC0000000000000000000000000000000000095
:109BD0000000000000000000000000000000000085
:109BE0000000000000000000000000000000000075
:109BF0000000000000000000000000000000000065
:109C00000000000000000000000000000000000054
:109C10000000000000000000000000000000000044
:109C20000000000000000000000000000000000034
:109C30000000000000000000000000000000000024
:109C40000000000000000000000000000000000014
:109C50000000000000000000000000000000000004
:109C600000000000000000000000000000000000F4
:109C700000000000000000000000000000000000E4
:109C800000000000000000000000000000000000D4
:109C900000000000000000000000000000000000C4
:109CA00000000000000000000000000000000000B4
:109CB00000000000000000000000000000000000A4
:109CC0000000000000000000000000000000000094
:109CD0000000000000000000000000000000000084
:109CE0000000000000000000000000000000000074
:109CF0000000000000000000000000000000000064
:109D00000000000000000000000000000000000053
:109D10000000000000000000000000000000000043
:109D20000000000000000000000000000000000033
:109D30000000000000000000000000000000000023
:109D40000000000000000000000000000000000013
:109D50000000000000000000000000000000000003
:109D600000000000000000000000000000000000F3
:109D700000000000000000000000000000000000E3
:109D800000000000000000000000000000000000D3
:109D900000000000000000000000000000000000C3
:109DA00000000000000000000000000000000000B3
:109DB00000000000000000000000000000000000A3
:109DC0000000000000000000000000000000000093
:109DD0000000000000000000000000000000000083
:109DE0000000000000000000000000000000000073
:109DF0000000000000000000000000000000000063
:109E00000000000000000000000000000000000052
:109E10000000000000000000000000000000000042
:109E20000000000000000000000000000000000032
:109E30000000000000000000000000000000000022
:109E40000000000000000000000000000000000012
:109E50000000000000000000000000000000000002
:109E600000000000000000000000000000000000F2
:109E700000000000000000000000000000000000E2
:109E800000000000000000000000000000000000D2
:109E900000000000000000000000000000000000C2
:109EA00000000000000000000000000000000000B2
:109EB00000000000000000000000000000000000A2
:109EC0000000000000000000000000000000000092
:109ED0000000000000000000000000000000000082
:109EE0000000000000000000000000000000000072
:109EF0000000000000000000000000000000000062
:109F00000000000000000000000000000000000051
:109F10000000000000000000000000000000000041
:109F20000000000000000000000000000000000031
:109F30000000000000000000000000000000000021
:109F40000000000000000000000000000000000011
:109F50000000000000000000000000000000000001
:109F600000000000000000000000000000000000F1
:109F700000000000000000000000000000000000E1
:109F800000000000000000000000000000000000D1
:109F900000000000000000000000000000000000C1
:109FA00000000000000000000000000000000000B1
:109FB00000000000000000000000000000000000A1
:109FC0000000000000000000000000000000000091
:109FD0000000000000000000000000000000000081
:109FE0000000000000000000000000000000000071
:109FF0000000000000000000000000000000000061
:10A000000000000000000000000000000000000050
:10A010000000000000000000000000000000000040
:10A020000000000000000000000000000000000030
:10A030000000000000000000000000000000000020
:10A040000000000000000000000000000000000010
:10A050000000000000000000000000000000000000
:10A0600000000000000000000000000000000000F0
:10A0700000000000000000000000000000000000E0
:10A0800000000000000000000000000000000000D0
:10A0900000000000000000000000000000000000C0
:10A0A00000000000000000000000000000000000B0
:10A0B00000000000000000000000000000000000A0
:10A0C0000000000000000000000000000000000090
:10A0D0000000000000000000000000000000000080
:10A0E0000000000000000000000000000000000070
:10A0F0000000000000000000000000000000000060
:10A10000000000000000000000000000000000004F
:10A11000000000000000000000000000000000003F
:10A12000000000000000000000000000000000002F
:10A13000000000000000000000000000000000001F
:10A14000000000000000000000000000000000000F
:10A1500000000000000000000000000000000000FF
:10A1600000000000000000000000000000000000EF
:10A1700000000000000000000000000000000000DF
:10A1800000000000000000000000000000000000CF
:10A1900000000000000000000000000000000000BF
:10A1A00000000000000000000000000000000000AF
:10A1B000000000000000000000000000000000009F
:10A1C000000000000000000000000000000000008F
:10A1D000000000000000000000000000000000007F
:10A1E000000000000000000000000000000000006F
:10A1F000000000000000000000000000000000005F
:10A20000000000000000000000000000000000004E
:10A21000000000000000000000000000000000003E
:10A22000000000000000000000000000000000002E
:10A23000000000000000000000000000000000001E
:10A24000000000000000000000000000000000000E
:10A2500000000000000000000000000000000000FE
:10A2600000000000000000000000000000000000EE
:10A2700000000000000000000000000000000000DE
:10A2800000000000000000000000000000000000CE
:10A2900000000000000000000000000000000000BE
:10A2A00000000000000000000000000000000000AE
:10A2B000000000000000000000000000000000009E
:10A2C000000000000000000000000000000000008E
:10A2D000000000000000000000000000000000007E
:10A2E000000000000000000000000000000000006E
:10A2F000000000000000000000000000000000005E
:10A30000000000000000000000000000000000004D
:10A31000000000000000000000000000000000003D
:10A32000000000000000000000000000000000002D
:10A33000000000000000000000000000000000001D
:10A34000000000000000000000000000000000000D
:10A3500000000000000000000000000000000000FD
:10A3600000000000000000000000000000000000ED
:10A3700000000000000000000000000000000000DD
:10A3800000000000000000000000000000000000CD
:10A3900000000000000000000000000000000000BD
:10A3A00000000000000000000000000000000000AD
:10A3B000000000000000000000000000000000009D
:10A3C000000000000000000000000000000000008D
:10A3D000000000000000000000000000000000007D
:10A3E000000000000000000000000000000000006D
:10A3F000000000000000000000000000000000005D
:10A40000000000000000000000000000000000004C
:10A41000000000000000000000000000000000003C
:10A42000000000000000000000000000000000002C
:10A43000000000000000000000000000000000001C
:10A44000000000000000000000000000000000000C
:10A4500000000000000000000000000000000000FC
:10A4600000000000000000000000000000000000EC
:10A4700000000000000000000000000000000000DC
:10A4800000000000000000000000000000000000CC
:10A4900000000000000000000000000000000000BC
:10A4A00000000000000000000000000000000000AC
:10A4B000000000000000000000000000000000009C
:10A4C000000000000000000000000000000000008C
:10A4D000000000000000000000000000000000007C
:10A4E000000000000000000000000000000000006C
:10A4F000000000000000000000000000000000005C
:10A50000000000000000000000000000000000004B
:10A51000000000000000000000000000000000003B
:10A52000000000000000000000000000000000002B
:10A53000000000000000000000000000000000001B
:10A54000000000000000000000000000000000000B
:10A5500000000000000000000000000000000000FB
:10A5600000000000000000000000000000000000EB
:10A5700000000000000000000000000000000000DB
:10A5800000000000000000000000000000000000CB
:10A5900000000000000000000000000000000000BB
:10A5A00000000000000000000000000000000000AB
:10A5B000000000000000000000000000000000009B
:10A5C000000000000000000000000000000000008B
:10A5D000000000000000000000000000000000007B
:10A5E000000000000000000000000000000000006B
:10A5F000000000000000000000000000000000005B
:10A60000000000000000000000000000000000004A
:10A61000000000000000000000000000000000003A
:10A62000000000000000000000000000000000002A
:10A63000000000000000000000000000000000001A
:10A64000000000000000000000000000000000000A
:10A6500000000000000000000000000000000000FA
:10A6600000000000000000000000000000000000EA
:10A6700000000000000000000000000000000000DA
:10A6800000000000000000000000000000000000CA
:10A6900000000000000000000000000000000000BA
:10A6A00000000000000000000000000000000000AA
:10A6B000000000000000000000000000000000009A
:10A6C000000000000000000000000000000000008A
:10A6D000000000000000000000000000000000007A
:10A6E000000000000000000000000000000000006A
:10A6F000000000000000000000000000000000005A
:10A700000000000000000000000000000000000049
:10A710000000000000000000000000000000000039
:10A720000000000000000000000000000000000029
:10A730000000000000000000000000000000000019
:10A740000000000000000000000000000000000009
:10A7500000000000000000000000000000000000F9
:10A7600000000000000000000000000000000000E9
:10A7700000000000000000000000000000000000D9
:10A7800000000000000000000000000000000000C9
:10A7900000000000000000000000000000000000B9
:10A7A00000000000000000000000000000000000A9
:10A7B0000000000000000000000000000000000099
:10A7C0000000000000000000000000000000000089
:10A7D0000000000000000000000000000000000079
:10A7E0000000000000000000000000000000000069
:10A7F0000000000000000000000000000000000059
:10A800000000000000000000000000000000000048
:10A810000000000000000000000000000000000038
:10A820000000000000000000000000000000000028
:10A830000000000000000000000000000000000018
:10A840000000000000000000000000000000000008
:10A8500000000000000000000000000000000000F8
:10A8600000000000000000000000000000000000E8
:10A8700000000000000000000000000000000000D8
:10A8800000000000000000000000000000000000C8
:10A8900000000000000000000000000000000000B8
:10A8A00000000000000000000000000000000000A8
:10A8B0000000000000000000000000000000000098
:10A8C0000000000000000000000000000000000088
:10A8D0000000000000000000000000000000000078
:10A8E0000000000000000000000000000000000068
:10A8F0000000000000000000000000000000000058
:10A900000000000000000000000000000000000047
:10A910000000000000000000000000000000000037
:10A920000000000000000000000000000000000027
:10A930000000000000000000000000000000000017
:10A940000000000000000000000000000000000007
:10A9500000000000000000000000000000000000F7
:10A9600000000000000000000000000000000000E7
:10A9700000000000000000000000000000000000D7
:10A9800000000000000000000000000000000000C7
:10A9900000000000000000000000000000000000B7
:10A9A00000000000000000000000000000000000A7
:10A9B0000000000000000000000000000000000097
:10A9C0000000000000000000000000000000000087
:10A9D0000000000000000000000000000000000077
:10A9E0000000000000000000000000000000000067
:10A9F0000000000000000000000000000000000057
:10AA00000000000000000000000000000000000046
:10AA10000000000000000000000000000000000036
:10AA20000000000000000000000000000000000026
:10AA30000000000000000000000000000000000016
:10AA40000000000000000000000000000000000006
:10AA500000000000000000000000000000000000F6
:10AA600000000000000000000000000000000000E6
:10AA700000000000000000000000000000000000D6
:10AA800000000000000000000000000000000000C6
:10AA900000000000000000000000000000000000B6
:10AAA00000000000000000000000000000000000A6
:10AAB0000000000000000000000000000000000096
:10AAC0000000000000000000000000000000000086
:10AAD0000000000000000000000000000000000076
:10AAE0000000000000000000000000000000000066
:10AAF0000000000000000000000000000000000056
:10AB00000000000000000000000000000000000045
:10AB10000000000000000000000000000000000035
:10AB20000000000000000000000000000000000025
:10AB30000000000000000000000000000000000015
:10AB40000000000000000000000000000000000005
:10AB500000000000000000000000000000000000F5
:10AB600000000000000000000000000000000000E5
:10AB700000000000000000000000000000000000D5
:10AB800000000000000000000000000000000000C5
:10AB900000000000000000000000000000000000B5
:10ABA00000000000000000000000000000000000A5
:10ABB0000000000000000000000000000000000095
:10ABC0000000000000000000000000000000000085
:10ABD0000000000000000000000000000000000075
:10ABE0000000000000000000000000000000000065
:10ABF0000000000000000000000000000000000055
:10AC00000000000000000000000000000000000044
:10AC10000000000000000000000000000000000034
:10AC20000000000000000000000000000000000024
:10AC30000000000000000000000000000000000014
:10AC40000000000000000000000000000000000004
:10AC500000000000000000000000000000000000F4
:10AC600000000000000000000000000000000000E4
:10AC700000000000000000000000000000000000D4
:10AC800000000000000000000000000000000000C4
:10AC900000000000000000000000000000000000B4
:10ACA00000000000000000000000000000000000A4
:10ACB0000000000000000000000000000000000094
:10ACC0000000000000000000000000000000000084
:10ACD0000000000000000000000000000000000074
:10ACE0000000000000000000000000000000000064
:10ACF0000000000000000000000000000000000054
:10AD00000000000000000000000000000000000043
:10AD10000000000000000000000000000000000033
:10AD20000000000000000000000000000000000023
:10AD30000000000000000000000000000000000013
:10AD40000000000000000000000000000000000003
:10AD500000000000000000000000000000000000F3
:10AD600000000000000000000000000000000000E3
:10AD700000000000000000000000000000000000D3
:10AD800000000000000000000000000000000000C3
:10AD900000000000000000000000000000000000B3
:10ADA00000000000000000000000000000000000A3
:10ADB0000000000000000000000000000000000093
:10ADC0000000000000000000000000000000000083
:10ADD0000000000000000000000000000000000073
:10ADE0000000000000000000000000000000000063
:10ADF0000000000000000000000000000000000053
:10AE00000000000000000000000000000000000042
:10AE10000000000000000000000000000000000032
:10AE20000000000000000000000000000000000022
:10AE30000000000000000000000000000000000012
:00000001FF
